document,total_words,unique_words,top_words,top_tfidf,avg_tfidf
15_ia_iem_du_lich_Buon_Ma_Thuot_ep_quen_loi_ve_-_Vntrip.vn.txt,1807,646,"khách_sạn, buôn, du_lịch, của, là, thuột, ma, ảnh, st, những","buôn, st, thuột, ma, khách_sạn",0.002573426188015305
3_ngoi_lang_co_nep_minh_giua_long_cao_nguyen_a_Ha_Giang.txt,952,503,"của, làng, lô, những, ngôi, đá, khách, với, là, nhà","lô, làng, lũng, cổ_kính, tường",0.002974855675194437
ao_Binh_Ba__Wikipedia_tieng_Viet.txt,483,252,"bình, ba, đảo, là, ngày, tháng, năm, 2013, bãi, nam","2013, đảo, bình, ba, truy_cập",0.002091836013049217
ao_Hon_Khoai_o_Ca_Mau_-_vung_bien_va_dai_at_phia_Tay_Nam_cua_To_quoc.txt,2553,749,"du_lịch, đảo, châu, hòn, bình, tour, khoai, ninh, trong, đồng","khoai, đảo, hòn, du_lịch, châu",0.0031639739405815836
a_Lat__Wikipedia_tieng_Viet.txt,15349,2646,"năm, và, lạt, đà, tháng, ngày, của, thành_phố, là, một","lạt, trần_sỹ, đà, tr, năm",0.0032620644866773393
"Bai_Bien_Ho_Tram,_Ba_Ria_-_Vung_Tau.txt",1847,645,"vũng_tàu, khách_sạn, tràm, hồ, biển, và, bãi, du_lịch, đến, là","vũng_tàu, tràm, khách_sạn, bãi, hồ",0.0025344496629961456
Bai_bien_My_Khe__Wikipedia_tieng_Viet.txt,196,144,"đà_nẵng, của, bãi, biển, bài, một, có, liên_kết, này, sơ_khai","đà_nẵng, sơ_khai, mỹ_khê, wikipedia, hỏng",0.0019155128661810625
Bai_bien_Sam_Son__Wikipedia_tieng_Viet.txt,575,365,"biển, sơn, sầm, bãi, thanh_hóa, bình, đã, và, nam, được","sầm, thanh_hóa, biển, sơn, bãi",0.0028687320840136434
"Bai_Dai_Phu_Quoc_voi_ve_ep_hoang_so,_lan_nuoc_trong_xanh_nhu_ngoc.txt",1571,620,"quốc, phú, bãi, dài, du_lịch, và, biển, từ, có, bạn","quốc, bãi, phú, dài, 000000",0.003050841332429703
Bai_Khem_Phu_Quoc_-_Ve_ep_tu_nhien_noi_ao_Ngoc.txt,2312,704,"phú, quốc, bãi, khem, du_khách, là, biển, các, những, ở","khem, quốc, phú, bãi, biển",0.0021217199326587035
Bai_Khem_Phu_Quoc__Kinh_nghiem_du_lich_kham_pha_chi_tiet_tu_A_-_Z.txt,2008,736,"bãi, quốc, phú, biển, là, khem, các, có, của, du_lịch","khem, bãi, quốc, phú, biển",0.00246686355092423
Ban_Ta_Phin_-_Vung_at_Van_Hoa_oc_ao_O_Lao_Cai_-_Du_Lich_Okela.txt,2087,644,"du_lịch, tả, phìn, và, của, châu, những, là, đến, bắc","du_lịch, phìn, tả, châu, phi_du_lịch",0.0020199882435406754
"Bao_tang_Lich_su_Thanh_pho_Ho_Chi_Minh_ia_chi,_Gia_ve,_Luu_y__Xanh_SM.txt",1743,665,"bảo_tàng, của, lịch_sử, và, các, hiện_vật, là, những, này, hồ","bảo_tàng, hiện_vật, lịch_sử, trưng_bày, của",0.0027785349284071463
Ba_Na__Wikipedia_tieng_Viet.txt,5185,1599,"bà, nà, và, được, là, có, của, núi, cáp, năm","nà, bà, cáp, treo, và",0.003554393132920513
Ben_Ninh_Kieu_Can_Tho_Review_chi_tiet_tu_A_-_Z.txt,2609,833,"và, cần, thơ, ninh, kiều, bến, với, của, bạn, các","kiều, thơ, bến, ninh, cần",0.002992946850848175
Bien_Ca_Na_Bai_bien_ep_nen_tho_cua_Phan_Rang.txt,1945,584,"biển, bạn, những, một, là, cà, ná, du_lịch, đến, để","ná, cà_ná, biển, cà, thuận",0.00201290722862168
Bien_Cua_ai_Hoi_An_-_An_tuong_mot_trong_25_bai_bien_ep_nhat_Chau_A.txt,1688,657,"biển, bạn, đến, cửa, an, những, với, hội, được, đại","biển, cửa, 000000, an, bạn",0.003300550182707168
Bien_Ho_Coc_Kinh_nghiem_du_lich_chi_tiet_nam_2025.txt,2446,876,"bạn, biển, vnd, có, hồ_cốc, ở, với, hồ, là, vũng_tàu","hồ_cốc, vnd, vũng_tàu, cốc, biển",0.0029803409118190132
"Bien_Ho_Coc_Vung_Tau__iem_du_lich,_nghi_duong_ly_tuong.txt",2917,873,"vũng_tàu, cốc, biển_hồ, bạn, biển, là, và, được, những, bãi","vũng_tàu, biển_hồ, cốc, hồ_cốc, biển",0.0028189104830041306
Bo_tui_kinh_nghiem_du_lich_ao_Ngoc_Vung_chi_tiet_nhat.txt,1663,621,"đảo, ngọc, đến, vừng, bạn, và, là, được, những, thì","vừng, đảo, ngọc, quảng_ninh, traveloka",0.002583910240913977
Bo_tui_ngay_cam_nang_du_lich_Ben_Ninh_Kieu_-_Can_Tho.txt,1117,489,"ninh, kiều, bến, bạn, là, và, cần, thơ, một, du_lịch","kiều, ninh, bến, thơ, ninh_kiều",0.0024918948059539157
Cam_nang_du_lich_ai_Lai.txt,1213,512,"du_lịch, lải, đến, đại, hồ, các, và, có, là, phúc","lải, đại, phúc, flamingo, vĩnh",0.0027470860838409686
Cam_nang_du_lich_ak_LaK.txt,3155,1015,"là, của, và, có, buôn, ở, lăk, voi, đến, bạn","lăk, buôn, voi, đăk, dray",0.00317509873480205
Cam_nang_du_lich_ak_Nong.txt,3494,1136,"đăk, được, và, nông, là, của, với, có, những, các","đăk, nông, được, và, là",0.003224838873815618
Cam_nang_du_lich_An_Giang.txt,1749,668,"và, núi, đến, là, an, ở, giang, mùa, có, châu_đốc","châu_đốc, núi, sam, an_giang, an",0.003435655429204227
Cam_nang_du_lich_a_Lat.txt,1621,771,"đà, lạt, ở, đến, là, với, từ, du_khách, điểm, và","lạt, đà, đà_lạt, đến, du_khách",0.0031919138807813287
Cam_nang_du_lich_a_Nang.txt,5275,1542,"đà_nẵng, và, là, đến, từ, có, với, các, một, ở","đà_nẵng, là, và, sơn_trà, đến",0.004488195135734479
Cam_nang_du_lich_Bac_Giang.txt,2438,953,"và, bắc, là, có, giang, được, chùa, ở, từ, với","giang, bắc_giang, chùa, bắc, lục",0.0038451991569448
Cam_nang_du_lich_Bac_Kan.txt,2193,856,"bắc, ba, hồ, bể, kạn, có, và, là, ở, các","kạn, bể, bắc, ba, hồ",0.0031585076543534174
Cam_nang_du_lich_Bac_Lieu.txt,2493,960,"bạc, liêu, và, là, của, đến, từ, với, đồng, du_khách","liêu, bạc, công_tử, bồn, ba_khía",0.003215159174777091
Cam_nang_du_lich_Bac_Ninh.txt,2291,892,"bắc, ninh, là, của, đến, được, làng, và, có, chùa","bắc, ninh, diềm, làng, đình",0.0036732036867601924
Cam_nang_du_lich_Bao_Loc.txt,2152,784,"lộc, bảo, là, và, với, có, đồng, du_khách, thành_phố, ở","lộc, bảo, dambri, chè, là",0.0029624758967558245
Cam_nang_du_lich_Ba_Na_Hills.txt,2666,925,"bà, nà, các, và, đến, từ, du_khách, với, trong, ở","nà, hills, bà, cáp, treo",0.0032207669392275186
Cam_nang_du_lich_Ba_Ria_-_Vung_Tau.txt,3972,1258,"là, đến, với, của, và, vũng_tàu, biển, được, từ, người","vũng_tàu, rịa, là, biển, đến",0.004197207969346156
Cam_nang_du_lich_Ba_Vi.txt,3129,1039,"ba, vì, khu, và, là, ở, đồng, du_lịch, các, 000","vì, ba, khu, mô, 000",0.003904649370333052
Cam_nang_du_lich_Ben_Tre.txt,1954,762,"tre, bến, dừa, và, là, với, có_thể, được, ở, du_khách","dừa, tre, bến, cồn, và",0.003406983379201882
Cam_nang_du_lich_Binh_Ba.txt,2391,811,"đảo, bình, ba, ở, bạn, là, biển, trên, bãi, có","đảo, ba, bình, tôm_hùm, bãi",0.0033269446803093614
Cam_nang_du_lich_Binh_Duong.txt,3463,1180,"là, và, được, bình, có, với, dương, của, từ, đây","măng_cụt, dương, dầu, là, bình",0.004149288920703911
Cam_nang_du_lich_Binh_inh.txt,3366,1078,"và, nhơn, đến, quy, có, là, bình, định, từ, một","nhơn, quy, định, và, đến",0.003493311123878011
Cam_nang_du_lich_Binh_Lieu.txt,1882,734,"bình, liêu, là, đi, ở, đến, núi, và, bạn, một","liêu, bình, mốc, quảng_ninh, cột",0.0030768926619286763
Cam_nang_du_lich_Binh_Phuoc.txt,2974,1009,"là, và, bình, phước, được, với, có, đến, những, của","phước, bù, bình, là, và",0.0037067655816541653
Cam_nang_du_lich_Binh_Thuan.txt,2308,852,"và, là, có, mũi, đến, nhiều, các, biển, từ, né","né, mũi, bình_thuận, phan_thiết, phú_quý",0.003548558823880185
Cam_nang_du_lich_Buon_Ma_Thuot.txt,2943,1046,"buôn, ma, thuột, là, của, ở, cà_phê, có, và, được","buôn, thuột, ma, cà_phê, lăk",0.0032628031404061814
Cam_nang_du_lich_Can_Gio.txt,2050,787,"cần, giờ, là, rừng, và, khu, du_khách, có, tp, du_lịch","giờ, cần, sác, vàm, rừng",0.00350809813967021
Cam_nang_du_lich_Can_Tho.txt,3276,1075,"cần, thơ, là, đến, một, những, du_khách, và, ở, 000","thơ, cần, chợ_nổi, hủ_tiếu, là",0.003943076840239341
Cam_nang_du_lich_Cao_Bang.txt,3087,1033,"cao, bằng, là, có, bản, đến, và, thác, ở, từ","giốc, cao, bằng, thác, bản",0.003757846565839916
Cam_nang_du_lich_Cat_Ba.txt,2256,738,"cát, bà, đồng, 000, đến, từ, một, là, du_khách, đảo","cát, bà, phà, 000, đồng",0.0029410023492998363
Cam_nang_du_lich_Ca_Mau.txt,2730,950,"là, cà, mau, và, rừng, có, ở, các, cà_mau, đến","mau, cà, cà_mau, mũi, là",0.003618903025256832
Cam_nang_du_lich_Chau_oc.txt,2694,983,"là, và, châu_đốc, đến, các, của, cá, có, trong, được","châu_đốc, mắm, thốt_nốt, là, và",0.003734733079950563
Cam_nang_du_lich_Chua_Bai_inh.txt,2629,897,"chùa, là, bái, đính, và, có, m, ở, các, tượng","đính, bái, chùa, là, phật",0.002982215995885064
Cam_nang_du_lich_Chua_Tam_Chuc.txt,2004,737,"tam, chúc, chùa, điện, có, đến, là, du_lịch, và, từ","chúc, tam, chùa, điện, thủy_đình",0.0025590540195856953
Cam_nang_du_lich_Con_ao.txt,2526,900,"đảo, côn, là, biển, và, từ, đến, ở, hòn, đi","đảo, côn, biển, hòn, là",0.0028353329015042648
Cam_nang_du_lich_Co_To.txt,2368,849,"tô, cô, đảo, có, là, biển, bãi, ở, và, đi","tô, cô, đảo, biển, bãi",0.002819563289834347
Cam_nang_du_lich_Cu_Lao_Cham.txt,2246,813,"cù_lao, chàm, là, và, ở, được, có, đảo, các, bãi","chàm, cù_lao, đảo, bãi, là",0.002884377123922305
Cam_nang_du_lich_Cu_Lao_Xanh.txt,1468,658,"xanh, cù_lao, là, và, đảo, biển, có, được, ở, để","cù_lao, xanh, đảo, hải_đăng, biển",0.0029923233497084196
Cam_nang_du_lich_Dinh_oc_lap.txt,2554,792,"dinh, và, của, phòng, đến, là, trong, tham_quan, các, được","dinh, tổng_thống, độc_lập, phòng, 1975",0.0034847907176392104
Cam_nang_du_lich_en_Hung.txt,2803,914,"hùng, đền, 3, ngày, 4, và, tại, các, đến, tổ","hùng, đền, giỗ, thọ, tổ",0.0027327421112221893
Cam_nang_du_lich_Gia_Lai.txt,3354,1079,"là, và, lai, gia, có, được, pleiku, ở, đến, từ","pleiku, lai, gia, là, núi_lửa",0.0034362612140388282
Cam_nang_du_lich_Hai_Duong.txt,3310,1215,"là, hải_dương, và, có, ở, của, được, từ, chùa, còn","hải_dương, là, đậu_xanh, và, vải_thiều",0.0038553163936690363
Cam_nang_du_lich_Hai_Phong.txt,2504,948,"phòng, hải, các, và, từ, với, là, được, đồng, cát","hải, phòng, cát, các, và",0.0037538907238294475
Cam_nang_du_lich_Hau_Giang.txt,803,478,"xem, giang, hậu, thêm, ở, của, 2025, đến, ẩm_thực, nhiều","hậu, giang, xem, hậu_giang, thêm",0.0032610806710254804
Cam_nang_du_lich_Ha_Giang.txt,3403,1087,"là, hà_giang, đi, và, bạn, ở, từ, với, đường, đồng","hà_giang, mèo, vạc, là, đi",0.003932002270779839
Cam_nang_du_lich_Ha_Long.txt,3129,1111,"hạ_long, có, là, các, ở, và, ăn, 000, vịnh, đến","hạ_long, vịnh, có, ăn, 000",0.003858817264570605
Cam_nang_du_lich_Ha_Nam.txt,2361,897,"là, có, và, chùa, hà_nam, được, đến, từ, cá, nam","hà_nam, cá_rô, bánh_cuốn, kho, chùa",0.003664451659949407
Cam_nang_du_lich_Ha_Noi.txt,3899,1330,"là, hà_nội, ở, những, và, được, đến, bún, phố, của","hà_nội, bún, là, phố, ca_trù",0.004337017979583291
Cam_nang_du_lich_Ha_Tien.txt,2312,881,"và, hà_tiên, là, có, các, từ, du_khách, với, đến, được","hà_tiên, và, hải_tặc, hủ_tiếu, là",0.003419421586280518
Cam_nang_du_lich_Ha_Tinh.txt,2735,978,"hà_tĩnh, là, và, có, biển, đến, được, của, từ, đồng","hà_tĩnh, cầm, thiên, biển, là",0.003690853293198289
Cam_nang_du_lich_Hoa_Binh.txt,2423,893,"ở, và, hòa, bình, là, có, du_khách, đến, với, từ","hòa, bình, và, mai, du_khách",0.003956490331259209
Cam_nang_du_lich_Hoi_An.txt,2834,965,"an, hội, là, các, đồng, 000, ở, một, và, từ","hội, an, là, phố, 000",0.0033130407217901925
Cam_nang_du_lich_Ho_Ba_Be.txt,2072,728,"ba, hồ, bể, và, có, đến, được, là, bắc, từ","bể, ba, kạn, hồ, bắc",0.0029469644710314333
Cam_nang_du_lich_Hung_Yen.txt,559,368,"xem, thêm, hưng, yên, 2025, mới, của, sống, thế_giới, giáo_dục","hưng, xem, thêm, yên, giáo_dục",0.0031245719405288957
Cam_nang_du_lich_ia_oa_Cu_Chi.txt,2502,809,"địa_đạo, và, trong, củ, chi, được, của, các, đến, là","địa_đạo, củ, chi, đường_hầm, hầm",0.0031731524641921663
Cam_nang_du_lich_ien_Bien.txt,3656,1134,"điện, biên, là, và, được, của, phủ, ở, từ, đến","biên, điện, a1, mường, phủ",0.003149949461871891
Cam_nang_du_lich_Khanh_Hoa.txt,2687,917,"đến, là, trang, nha, và, có, biển, từ, khánh, với","nha, ranh, trang, lết, khánh",0.0034750552913273528
Cam_nang_du_lich_Kien_Giang.txt,2938,1005,"và, là, đảo, hòn, có, giá, các, với, rạch, nam","rạch, hòn, đảo, hà_tiên, kiên_giang",0.0036397640912292917
Cam_nang_du_lich_Kon_Tum.txt,2207,814,"kon, là, và, măng, tum, đen, của, có, được, đến","kon, tum, măng, đen, là",0.003079897642357779
Cam_nang_du_lich_Ky_Co.txt,1433,589,"co, kỳ, đi, nhơn, là, có, ở, biển, quy, để","co, nhơn, kỳ, quy, đi",0.002646255114511602
Cam_nang_du_lich_Lai_Chau.txt,2320,841,"lai, châu, là, và, có, trong, du_lịch, từ, với, đến","lai, châu, là, và, pu",0.0035777790096672172
Cam_nang_du_lich_Lang_Co.txt,1895,701,"cô, lăng, là, và, có, đẹp, hải, trong, từ, của","lăng, cô, đèo, vân, huế",0.0028311289424969867
Cam_nang_du_lich_Lang_Son.txt,3171,1079,"sơn, lạng, là, và, có, các, của, từ, trong, được","lạng, sơn, mẫu, là, và",0.0035440806616379096
Cam_nang_du_lich_Lao_Cai.txt,3016,964,"và, là, lào, cai, đến, có, các, từ, một, ở","cai, lào, tý, fansipan, và",0.003555510215753562
Cam_nang_du_lich_Long_An.txt,2431,891,"và, long, an, có, đến, đồng, du_lịch, là, của, du_khách","an, long, và, đồng, có",0.003831350966227969
Cam_nang_du_lich_Ly_Son.txt,2254,780,"đảo, sơn, lý, là, biển, và, có, 000, một, với","đảo, lý, sơn, bé, cảng",0.0030531100561408914
Cam_nang_du_lich_Mai_Chau.txt,1883,714,"mai, châu, là, ở, đồng, bạn, một, những, với, đến","mai, châu, là, đồng, mây",0.0032669851049609133
Cam_nang_du_lich_Mang_en.txt,1989,854,"măng, đen, là, được, ở, và, với, đến, có, các","măng, đen, kon, tum, là",0.0029484704726999533
Cam_nang_du_lich_Meo_Vac.txt,1595,651,"hà_giang, sông, mèo, vạc, và, nho, quế, đồng, đường, đến","vạc, mèo, nho, quế, hà_giang",0.0025239110794346245
Cam_nang_du_lich_Moc_Chau.txt,2773,871,"mộc, châu, có, là, đi, ở, một, bạn, đến, mùa","mộc, châu, mận, thác, đi",0.003126174260414335
Cam_nang_du_lich_Mui_Ne.txt,2374,861,"mũi, né, là, đến, được, và, du_khách, biển, ở, đây","né, mũi, phan_thiết, dông, rơm",0.0028126341800207145
Cam_nang_du_lich_Mui_Nghe.txt,1403,655,"nghê, đi, và, xem, bạn, mũi, du_lịch, không, có, thêm","nghê, mũi, đi, xem, đà_nẵng",0.003276990748220175
Cam_nang_du_lich_Mu_Cang_Chai.txt,2359,784,"mù, chải, cang, mùa, là, ở, có, du_khách, đi, đến","mù, cang, chải, tú, lệ",0.0026778962008768385
Cam_nang_du_lich_Nam_Du.txt,2020,674,"nam, du, đảo, hòn, là, có, và, bãi, từ, biển","du, hòn, đảo, nam, bãi",0.002796621158046792
Cam_nang_du_lich_Nam_inh.txt,2673,984,"nam, và, định, là, ở, được, có, một, các, của","xíu, định, nam, bánh, và",0.003568786402888311
Cam_nang_du_lich_Nghe_An.txt,2968,1053,"là, đến, vinh, đền, được, biển, nghệ_an, và, ở, có","vinh, nghệ_an, đền, quỳnh, lò",0.004107322774314184
Cam_nang_du_lich_Nha_Trang.txt,2729,971,"là, biển, nha, trang, ở, và, với, du_khách, 000, từ","nha, trang, biển, là, đảo",0.0037949270125202965
Cam_nang_du_lich_Ninh_Binh.txt,2323,878,"bình, ninh, du_khách, là, các, 000, đồng, và, có, được","ninh, bình, dê, du_khách, 000",0.0035168820373630985
Cam_nang_du_lich_Ninh_Chu.txt,460,299,"xem, thêm, ninh, chữ, 2025, sống, biển, giáo_dục, ảnh, nhiều","xem, chữ, diều, thêm, ninh",0.0027719165163191057
Cam_nang_du_lich_Ninh_Thuan.txt,2209,822,"ninh, thuận, và, là, có, được, ở, của, với, biển","thuận, ninh, rái, và, nho",0.0033988791342966632
Cam_nang_du_lich_Nui_Dinh.txt,1351,660,"và, xem, núi, suối, bạn, thêm, nhiều, những, vũng_tàu, có","vũng_tàu, rịa, dinh, la_bàn, suối",0.0037750151974433933
Cam_nang_du_lich_ong_Nai.txt,3062,1055,"đồng, và, là, đến, ở, các, được, với, du_lịch, nai","nai, đồng, biên, bưởi, và",0.003952378734755862
Cam_nang_du_lich_ong_Thap.txt,2695,930,"đồng, đến, là, tháp, có, hoa, từ, các, và, sen","đéc, cao_lãnh, tháp, sen, quýt",0.0034525811264876547
Cam_nang_du_lich_ong_Van.txt,3049,987,"là, đồng, có, văn, và, đến, ở, của, từ, được","hà_giang, văn, đồng, là, có",0.003842794241744067
Cam_nang_du_lich_Phan_Thiet.txt,1731,738,"phan_thiết, biển, ở, và, là, đến, từ, trong, của, có","phan_thiết, biển, né, mũi, bình_thuận",0.0025201314989902893
Cam_nang_du_lich_Pho_i_bo_ho_Guom.txt,2303,881,"hồ, các, phố, và, đi, bộ, hà_nội, hoàn, kiếm, 000","phố, kiếm, hoàn, hồ, cà_phê",0.003747148003659482
Cam_nang_du_lich_Pho_i_bo_Nguyen_He.txt,2116,804,"đi, bộ, các, phố, du_khách, đến, xe, và, tp, là","huệ, phố, chung_cư, bộ, đi",0.0035637248328961465
Cam_nang_du_lich_Phu_Quoc.txt,4351,1231,"quốc, phú, là, và, biển, đảo, có, các, đến, được","quốc, phú, biển, đảo, là",0.0037866856307848247
Cam_nang_du_lich_Phu_Quy.txt,2447,917,"đảo, phú_quý, bạn, là, và, người, một, đến, có, đi","phú_quý, đảo, bạn, tàu, là",0.002860990605826083
Cam_nang_du_lich_Phu_Tho.txt,1877,714,"hùng, thọ, ở, phú, đền, là, việt, du_khách, có, và","hùng, thọ, trì, đền, giỗ",0.0031506836751046866
Cam_nang_du_lich_Phu_Yen.txt,3782,1255,"và, phú, là, yên, đến, ở, có, được, tuy, một","phú, yên, tuy, và, là",0.004257197529348707
Cam_nang_du_lich_Pu_Luong.txt,1856,750,"luông, pù, và, ở, thanh_hóa, là, những, mùa, đến, bản","luông, pù, thanh_hóa, hiêu, vịt",0.0024123730807948324
Cam_nang_du_lich_Quang_Binh.txt,4319,1248,"và, có, là, trong, đồng, sông, được, hang, ở, từ","hới, quảng_bình, hang, sông, và",0.0038988767363342764
Cam_nang_du_lich_Quang_Nam.txt,2984,1059,"và, an, là, có, hội, đến, được, các, từ, quảng_nam","quảng_nam, an, hội, tam, hoi",0.003800332383446344
Cam_nang_du_lich_Quang_Ngai.txt,3470,1166,"và, quảng_ngãi, là, ở, có, đến, với, trong, được, biển","quảng_ngãi, don, và, là, biển",0.004017662869715477
Cam_nang_du_lich_Quang_Ninh.txt,4760,1381,"là, ở, và, có, quảng_ninh, các, của, đến, hạ_long, với","quảng_ninh, hạ_long, là, quảng_yên, và",0.004363780525321226
Cam_nang_du_lich_Quang_Tri.txt,5551,1480,"có, và, là, trong, được, ở, từ, đồng, của, sông","quảng_trị, hới, hang, có, và",0.00439381553511172
Cam_nang_du_lich_Quan_Lan.txt,1836,661,"quan, lạn, bãi, đảo, có, biển, là, bạn, và, đi","lạn, quan, bãi, đảo, biển",0.002102272172926552
Cam_nang_du_lich_Quy_Nhon.txt,2948,977,"nhơn, 000, quy, các, du_khách, một, và, là, từ, đến","nhơn, quy, 000, xép, du_khách",0.0034102063571947055
Cam_nang_du_lich_Sam_Son.txt,2159,843,"sơn, sầm, biển, và, là, người, có, thanh_hóa, để, các","sầm, sơn, biển, thanh_hóa, bãi_tắm",0.0030660362874842697
Cam_nang_du_lich_Sa_Pa.txt,3051,1002,"và, một, đến, pa, sa, là, bạn, đường, ở, 000","pa, sa, đèo, van, tả",0.0038358843467424996
Cam_nang_du_lich_Soc_Son.txt,1678,681,"sóc, sơn, là, hồ, 000, ở, đồng, bạn, núi, trại","sóc, trại, gióng, sơn, villa",0.003241071842914583
Cam_nang_du_lich_Soc_Trang.txt,2804,1074,"và, là, trăng, có, sóc, được, các, trong, từ, của","trăng, sóc, bánh, và, khmer",0.0038736063618919413
Cam_nang_du_lich_Son_La.txt,2517,930,"sơn, la, và, là, có, đến, với, ở, các, châu","la, sơn, tà_xùa, mộc, và",0.0036217448640414665
Cam_nang_du_lich_Tam_ao.txt,1837,743,"tam_đảo, là, với, và, bạn, để, du_lịch, đến, trong, ở","tam_đảo, su_su, thị_trấn, là, phúc",0.0031747136831664913
Cam_nang_du_lich_Tam_Coc_-_Bich_ong.txt,1819,777,"có, đồng, tam_cốc, là, những, lúa, ninh, xem, hang, đến","tam_cốc, lúa, hang, ninh, đò",0.0037779366736858827
Cam_nang_du_lich_Tay_Ninh.txt,2683,985,"và, tây, ninh, là, các, được, của, núi, du_khách, trong","ninh, tây, trảng, tòa_thánh, và",0.003936094941210631
Cam_nang_du_lich_Ta_Xua.txt,1941,731,"tà_xùa, là, ở, và, mây, có, các, một, từ, trong","tà_xùa, mỏm, mây, sống_lưng, là",0.0022720988061479216
Cam_nang_du_lich_Thai_Binh.txt,778,462,"xem, thái_bình, thêm, biển, ảnh, đến, bãi, đồng, với, 2025","thái_bình, xem, biển, thêm, vành",0.0032519300492220935
Cam_nang_du_lich_Thai_Nguyen.txt,3087,1063,"thái, của, nguyên, là, và, được, có, ở, trong, các","thái, nguyên, của, trám, chè",0.003985778733140786
Cam_nang_du_lich_Thanh_Hoa.txt,2979,1029,"thanh_hóa, là, và, có, được, các, với, từ, đến, ở","thanh_hóa, pù, luông, là, và",0.003862270512360844
Cam_nang_du_lich_Thua_Thien_Hue.txt,4542,1400,"huế, là, và, đến, có, từ, bạn, các, ở, trong","huế, là, lăng, và, vua",0.003957416700424766
Cam_nang_du_lich_Tien_Giang.txt,2621,1011,"và, tiền, ở, giang, đến, từ, là, tp, mỹ, tho","tho, hủ_tiếu, tiền, giang, mỹ",0.003702473385503885
Cam_nang_du_lich_TP_Ho_Chi_Minh.txt,4205,1344,"đến, và, là, các, từ, tp, hcm, có, trong, ở","hcm, đến, quận, tp, là",0.0043769540015202784
Cam_nang_du_lich_Tram_Tau.txt,2075,778,"trạm, tấu, là, có, với, đến, và, được, những, ở","tấu, trạm, tà_xùa, tà_chì, nhù",0.0027076333840933766
Cam_nang_du_lich_Tra_Su.txt,1590,611,"rừng, tràm, trà, sư, là, vào, nam, du_khách, việt, và","tràm, sư, trà, rừng, xuồng",0.0023852817184705426
Cam_nang_du_lich_Tra_Vinh.txt,3215,1109,"trà, vinh, và, là, các, đến, chùa, được, trong, của","vinh, trà, khmer, chùa, lễ",0.003326021159390453
Cam_nang_du_lich_Tuyen_Quang.txt,3079,1033,"là, và, tuyên, quang, của, được, có, hang, đến, thác","tuyên, quang, là, hang, na",0.0035147614341283226
Cam_nang_du_lich_Tu_Le.txt,1653,658,"tú, lệ, là, mùa, và, những, với, khau, có, để","tú, lệ, khau, phạ, mù",0.0023242816230486323
Cam_nang_du_lich_Vinh_Ha_Long.txt,2322,809,"vịnh, hang, tàu, và, hạ_long, có, các, là, trên, hòn","vịnh, hạ_long, hang, tàu, hòn",0.00301519525190839
Cam_nang_du_lich_Vinh_Lan_Ha.txt,2168,694,"vịnh, lan, hạ, cát, là, các, có, và, trên, đảo","vịnh, lan, hạ, cát, hang",0.0028499641135768116
Cam_nang_du_lich_Vinh_Long.txt,3139,1058,"long, và, là, có, vĩnh, từ, với, đến, một, của","vĩnh, long, vĩnh_long, là, và",0.003919229118900261
Cam_nang_du_lich_Vinh_Phuc.txt,1609,717,"vĩnh, phúc, là, tam_đảo, hồ, du_lịch, đến, đẹp, ở, những","vĩnh, tam_đảo, phúc, thiền, lải",0.0032441547996838243
Cam_nang_du_lich_Vung_Tau.txt,3497,1183,"vũng_tàu, là, ở, được, biển, và, có, từ, đến, bãi","vũng_tàu, là, window, biển, bãi",0.003966790951596902
Cam_nang_du_lich_Vuon_quoc_gia_Bach_Ma.txt,2147,729,"bạch, mã, vườn, và, có, quốc_gia, được, đến, du_khách, một","mã, bạch, đỗ_quyên, vườn, thác",0.00282290440219988
Cam_nang_du_lich_Vuon_quoc_gia_Cat_Tien.txt,1890,688,"vườn, cát, các, và, tiên, 000, đồng, quốc_gia, du_khách, có","vườn, cát, tiên, 000, quốc_gia",0.003096282739809309
Cam_nang_du_lich_Vuon_quoc_gia_Cuc_Phuong.txt,2699,874,"cúc, phương, và, vườn, các, là, có, du_khách, đến, một","cúc, phương, vườn, và, quốc_gia",0.002960775400402766
"Cam_nang_du_lich_vuon_quoc_gia_Pu_Mat,_Nghe_An.txt",1577,623,"mát, pù, đến, vườn, và, từ, rừng, quốc_gia, trong, sông","pù, cuông, giăng, mát, nghệ_an",0.0028495251995437213
Cam_nang_du_lich_Vuon_quoc_gia_Pu_Mat.txt,1843,744,"mát, và, pù, trong, vườn, con, được, có, du_khách, rừng","pù, mát, vqg, nghệ_an, giăng",0.0031192967498958435
Cam_nang_du_lich_Yen_Bai.txt,3089,1008,"và, yên, các, ở, đến, là, bái, mù, cang, chải","mù, cang, chải, bái, tấu",0.003509635187840648
Cam_nang_du_lich_Y_Ty.txt,1765,730,"tý, y, ở, du_khách, và, xem, lào, cai, là, trong","tý, cai, lào, xát, thầu",0.0029498033062548825
CANGIO_-_Khu_Du_Tru_Sinh_Quyen_Rung_Ngap_Man_Can_Gio.txt,1197,488,"rừng, cần, giờ, và, các, loài, khu, huyện, của, có","phòng_hộ, rừng, giờ, cần, loài",0.002434256600247722
"Cau_Rong_a_Nang_Kinh_nghiem_check-in,_tham_quan_chi_tiet.txt",1628,620,"cầu, rồng, đà_nẵng, đến, bạn, được, với, một, màn, của","rồng, cầu, màn, đà_nẵng, phun",0.0028300766066587687
Cau_Rong_a_Nang__Bieu_Tuong_Ruc_Ro_Cua_Thanh_Pho_Bien._-_MOTOGO.txt,1557,604,"cầu, rồng, và, phun, đà_nẵng, của, nước, du_khách, là, lửa","phun, rồng, cầu, đà_nẵng, lửa",0.0023936487431516734
Cau_Truong_Tien_-_Cay_cau_lich_su_-_Bieu_tuong_cua_xu_Hue.txt,1733,731,"huế, cầu, và, là, cây, của, tiền, thành_phố, được, đi","huế, cầu_trường, cầu, hue, tiền",0.002935712563183177
Cau_Vang_Ba_Na_Hill__Bieu_Tuong_Du_Lich_a_Nang.txt,1053,493,"cầu, vàng, và, bà, nà, đà_nẵng, để, với, đến, là","nà, hill, pullman, cầu, vàng",0.0025791000497269335
Cau_Vang__Wikipedia_tieng_Viet.txt,837,410,"cầu, năm, tháng, vàng, ngày, ở, bridge, 2018, được, và","bridge, cầu, world, golden, 2018",0.0023244383386939508
Check-in_ho_a_Xanh_Vung_Tau_-_Toa_o_song_ao_ep_me_hon.txt,2197,734,"hồ, vũng_tàu, xanh, đá, bạn, là, những, và, được, đến","vũng_tàu, hồ, xanh, đá, traveloka",0.002686971951637307
Chiem_nguong_ve_ep_hiem_co_o_Thac_Mo_Binh_Phuoc_-_HoaBinhTourist.txt,1052,496,"và, những, bạn, với, đến, sẽ, đây, là, đẹp, để","và, tà_xùa, hoabinh, những, bạn",0.0032120536574336035
"Chiem_nguong_Vuon_quoc_gia_U_Minh_Ha,_ve_ep_thien_nhien_tru_phu.txt",1619,667,"minh, vườn, u, quốc_gia, hạ, bạn, là, rừng, có, du_lịch","hạ, vườn, quốc_gia, minh, 000000",0.003080869015601365
Chinh_phuc_thac_Lieng_Nung_-_ve_ep_sieu_thuc_cua_Tay_Nguyen.txt,1881,696,"thác, nung, liêng, là, và, của, đến, du_khách, con, được","thác, liêng, nung, nghĩa, đắk",0.002437294537740994
"Chinh_phuc_thac_Tac_Tinh,_Lai_Chau_-_Chon_binh_yen_xanh.txt",1460,589,"thác, tình, tác, và, là, của, về, để, lai, đến","thác, tình, tác, dòng_chảy, traveloka",0.002362423785113544
Choi_gi_o_Ban_ao_Son_Tra_a_Nang_-_Review_chi_tiet.txt,1653,486,"tour, tháng, 2026, khởi_hành, từ, du_lịch, đà_nẵng, 2025, châu, trong","tour, 2026, khởi_hành, tháng, sơn_trà",0.0017694877071312495
Cho_noi_Cai_Rang__Wikipedia_tieng_Viet.txt,800,425,"là, chợ_nổi, cái, răng, của, chợ, cần, thơ, và, các","chợ_nổi, răng, cái, mua_bán, thơ",0.002433077758651875
Cho_noi_Nga_Nam__cho_noi_lau_oi_o_mien_song_nuoc_Soc_Trang.txt,747,407,"chợ_nổi, năm, ngã, những, ghe, là, của, chợ, bán, nam","chợ_nổi, ghe, ngã, ivivu, trăng",0.002411974699387737
Chua_Bo_a__Wikipedia_tieng_Viet.txt,6246,1672,"chùa, là, năm, tháng, bổ, đà, ngày, của, có, và","bổ, chùa, đà, là, năm",0.003533059096285666
Chua_But_Thap-_net_ep_am_chat_chua_Viet_-_AllTours.txt,3181,1051,"du_lịch, chùa, có, tháp, là, của, ninh, được, n, và","du_lịch, li, ng, tháp, ch",0.003227488731384989
Chua_But_Thap_Bac_Ninh-_Chon_luu_giu_Bao_Vat_Phat_Giao_linh_thieng.txt,2097,688,"áo, chùa, gia_đình, tháp, bút, đồng_phục, là, và, bạn, đến","áo, đồng_phục, bút, gia_đình, chùa",0.001979882039983233
Chua_Huong_Tich_-_Ngoi_co_tu_linh_thieng_o_Ha_Tinh.txt,1024,484,"chùa, hương, tích, là, đến, được, với, bạn, thì, tại","tích, chùa, hương, lĩnh, hà_tĩnh",0.0023827623155561342
"Chua_Keo_Thai_Binh,_co_tu_tram_nam_noi_ta_ngan_song_Hong.txt",1626,672,"chùa, keo, thái_bình, được, các, đến, và, trong, là, có","keo, chùa, thái_bình, 000000, lễ_hội",0.0022686077161741176
Chua_Keo_Thai_Binh__Kien_truc_xa_xua_con_nguyen_ven_en_nay_-_iVIVU.com.txt,887,457,"chùa, là, keo, và, được, ảnh, thái_bình, có, gác_chuông, tam_quan","gác_chuông, keo, tam_quan, thái_bình, chùa",0.0024025506240314696
Chua_Tam_Chuc_-_Thong_tin_ay_u_nhat_ve_ngoi_chua_lon_nhat_Viet_Nam_-_MOTOGO.txt,2466,884,"chùa, tam, chúc, được, bạn, và, là, sẽ, của, điện","chúc, tam, chùa, motogo, điện",0.0030223650655025317
Chua_Tam_Chuc_Ha_Nam_-_uoc_menh_danh_la_ngoi_chua_lon_nhat_the_gioi.txt,2795,810,"du_lịch, và, chùa, tam, chúc, là, điện, đến, của, với","du_lịch, tam, chúc, hà_nam, chùa",0.002493529522640743
"Chua_tham_thac_D'ray_Sap,_ban_chua_kham_pha_tron_Tay_Nguyen.txt",1405,605,"thác, d, ray, sap, vào, nước, bạn, và, dòng, là","sap, ray, thác, traveloka, krông",0.0025523183774655385
Cong_thong_tin_ien_tu_tinh_Bac_Giang.txt,1121,570,"chùa, bổ, và, đà, là, bắc, của, được, nơi, tỉnh","bổ, chùa, đà, vườn_tháp, ân",0.003039610447858357
Con_ao__Wikipedia_tieng_Viet.txt,6155,1790,"đảo, côn, năm, tháng, và, là, ngày, của, có, nam","côn, đảo, năm, đặc_khu, lôn",0.003364781560377201
"Con_Phung_-_Khu_du_lich_Con_Phung,_Ben_Tre.txt",1622,615,"cồn, tour, phụng, miền, tây, dừa, du_lịch, bến, tre, ngày","cồn, phụng, dừa, tour, tre",0.002290969212940263
Cot_co_Lung_Cu_Dau_an_thieng_thieng_noi_ia_au_To_quoc.txt,884,455,"cờ, cột, lũng, cú, và, 000000, của, hà_giang, 1, với","cú, cờ, lũng, cột, 000000",0.0022625473966904814
Cot_co_Lung_Cu_Ha_Giang_-_Bieu_tuong_thieng_lieng_cua_to_quoc.txt,2032,685,"hà_giang, bạn, là, của, đến, cột, cờ, và, được, lũng","hà_giang, cú, lũng, cờ, cột",0.0025618614880086646
Co_o_Hoa_Lu_-_Dau_an_vang_son_cua_mot_thoi_dan_toc_oai_hung.txt,1749,671,"đền, cố_đô, vua, là, hoa, nơi, lư, với, của, được","cố_đô, đền, lư, vua, đinh",0.0028297219679865237
Co_To_(inh_huong)__Wikipedia_tieng_Viet.txt,197,114,"tô, cô, tỉnh, một, là, các, trang, trong, đặc_khu, quảng_ninh","tô, cô, đặc_khu, định_hướng, tỉnh",0.001264206042116552
Cua_ai_(phuong)__Wikipedia_tieng_Viet.txt,462,272,"an, phường, cửa, cẩm, đại, năm, phía, cửa_biển, ngày, hội","cẩm, cửa_biển, an, phường, cửa",0.002351032058924356
Cua_Lo_(thi_xa)__Wikipedia_tieng_Viet.txt,3343,1009,"cửa, lò, và, có, là, nghi, du_lịch, đảo, các, biển","lò, cửa, nghi, đảo, ngư",0.0024846396220943217
Cua_Lo__Wikipedia_tieng_Viet.txt,507,283,"châu, lộc, phường, thành, quỳnh, nghĩa, nam, xã, đông, vinh","lộc, quỳnh, nghĩa, châu, mường",0.002324120687414832
Cu_lao_Cham__Wikipedia_tieng_Viet.txt,1417,731,"các, và, cù_lao, chàm, là, đảo, của, với, sơn, việt","chàm, cù_lao, đảo, các, hòn",0.003386103374265099
Cu_Lao_Xanh_-_Vien_ngoc_bien_hoang_so_tuyet_ep_o_Quy_Nhon.txt,2619,898,"là, quy, và, cù_lao, xanh, biển, bạn, vnd, nhơn, được","quy, cù_lao, nhon, vnd, nhơn",0.0031695923752312837
Cu_Lao_Xanh__Vien_ngoc_xanh_an_minh_giua_bien_Quy_Nhon_-_MOTOGO.txt,1944,675,"xanh, và, cù_lao, bạn, biển, những, đến, đảo, của, từ","cù_lao, xanh, biển, nhơn, đảo",0.0030845594037450254
Dia_dao_Cu_Chi__Wikipedia_tieng_Viet.txt,3239,1151,"địa_đạo, hồ, năm, đền, chùa, minh, ngày, củ, chi, được","địa_đạo, củ, chi, đền, kdt",0.0033141362687242487
Dinh_Bao_ai_a_Lat_-_net_kien_truc_Phap_giua_rung_thong.txt,987,440,"dinh, bảo, đại, đà, lạt, đà_lạt, là, kiến_trúc, có, thông","dinh, bảo, lạt, đà, đà_lạt",0.0018295352041575585
"Dinh_oc_Lap_Gia_ve,_gio_mo_cua,_kien_truc_va_lich_su.txt",3336,1024,"dinh, độc_lập, của, và, vnd, tham_quan, các, lịch_sử, được, là","dinh, độc_lập, vnd, saigon, ben",0.002748900232474116
Du_lich_am_O_Loan_iem_sang_cua_du_lich_Phu_Yen.txt,1636,622,"đầm, yên, phú, bạn, loan, ô, của, và, đến, đẹp","đầm, loan, phú, yên, vnd",0.0026901107440509583
Du_lich_ao_Ngoc_Vung_Cam_nang_tu_A_en_Z_-_iVIVU.com.txt,1202,545,"đảo, ngọc, vừng, trên, có, du_lịch, là, có_thể, đến, biển","đảo, vừng, ngọc, st, ivivu",0.0023501795161296867
Du_lich_Buon_Ma_Thuot_va_nhung_ieu_ban_se_nho_khi_roi_xa.txt,2010,813,"là, những, một, và, buôn, của, thuột, ma, bạn, trong","buôn, thuột, ma, cà_phê, là",0.003404026451848641
"Du_lich_o_Son_Hai_Phong,_thien_uong_nghi_duong_4_mua.txt",2235,804,"sơn, đồ, phòng, hải, du_lịch, là, bạn, đến, và, vào","đồ, sơn, hải, phòng, 000000",0.00334779112355397
"Du_lich_song_Huong,_Hue_-_Ban_giao_hoa_thien_nhien_va_van_hoa_vung_at_kinh_ky.txt",826,395,"du_lịch, sông, hương, và, báo_cáo, 4, vietravel, huế, 5, thông_tin","báo_cáo, vietravel, 301, 234, sông",0.0021617572917558424
Du_lich_Thanh_Co_Quang_Tri_-_Kham_pha_di_san_lich_su_van_hoa_Viet_Nam.txt,1516,339,"du_lịch, tour, kinh_nghiệm, châu, nam, quốc, cẩm_nang, danh, hà_giang, trong","du_lịch, tour, kinh_nghiệm, châu, danh",0.0015947603243498976
"en_bien_My_Khe_a_Nang,_lang_nguoi_ngam_nhin_1_trong_6_bai_bien_ep_nhat_hanh_tinh.txt",1517,629,"biển, đà_nẵng, bãi, mỹ_khê, đến, là, và, có, các, bãi_tắm","mỹ_khê, đà_nẵng, biển, bãi, bãi_tắm",0.0026011452420821157
en_en_Tran_Nam_inh_ngam_nhin_kien_truc_chua_co_linh_thieng.txt,1688,717,"đền, trần, nam, định, là, các, được, và, bạn, n","đền, trần, định, 000000, nam",0.002981170565395389
"en_Hung_Phu_Tho_-_Di_tich_tam_linh,_thieng_lieng.txt",2287,837,"hùng, đền, phú, thọ, là, và, có, được, vương, của","hùng, đền, thọ, tcn, phú",0.002387133420660834
en_lang_co_uong_Lam_lac_vao_co_tran_binh_yen_ngay_sat_Ha_Noi.txt,1754,654,"làng, cổ, đường, lâm, ở, được, đến, một, hà_nội, để","làng, cổ, lâm, đường, phụ",0.002833939062512775
eo_Hai_Van_-_Chinh_phuc_thien_ha_e_nhat_hung_quan.txt,3326,991,"đèo, vân, hải, bạn, là, huế, và, được, một, đi","đèo, vân, hải, huế, bạn",0.0025376866666560927
eo_Hai_Van_-_Kham_pha_cung_uong_eo_ep_nhat_Viet_Nam.txt,1223,533,"đèo, vân, là, hải, nhất, và, được, có, đà_nẵng, bạn","đèo, vân, hải, đà_nẵng, là",0.002824941616918429
ep_hut_hon_canh_sac_thien_nhien_thac_ung_Binh_Phuoc.txt,2172,572,"ng, c, i, n, t, nh, a, tha, va, m","ng, nh, tha, đư, va",0.0016225375757292766
Fansipan__Wikipedia_tieng_Viet.txt,1516,683,"fansipan, đỉnh, là, của, và, núi, được, cao, trên, năm","fansipan, đỉnh, núi, là, cực",0.0026231552703924604
Ganh_a_ia__Wikipedia_tieng_Viet.txt,1490,693,"năm, tháng, đá, ngày, đền, 2022, 12, đĩa, chùa, các","kdt, 2022, đền, đĩa, đá",0.0030253735835543243
Ghe_tham_ban_Cat_Cat__ngoi_lang_co_ep_nhat_vung_Tay_Bac.txt,1490,594,"cát, bản, và, sapa, những, của, du_lịch, người, bạn, từ","cát, sapa, bản, bản_làng, ivivu",0.002724770669297667
Ghe_tham_ban_Ta_Phin__Noi_luu_giua_ve_ep_Sapa_xua_cu_-_MOTOGO.txt,1907,698,"tả, phìn, và, những, bản, của, người, đến, với, du_khách","phìn, tả, dao, sapa, bản",0.0021729655284485764
"Ghe_tham_chua_Huong_Tich_Ha_Tinh,_ia_iem_tam_linh_o_Ha_Tinh.txt",2721,915,"áo, chùa, hương, và, gia_đình, tích, hà_tĩnh, đồng_phục, là, được","áo, đồng_phục, hà_tĩnh, tích, gia_đình",0.0024452768278850267
Gioi_thieu_ve_co_o_Hoa_Lu_voi_mot_thoi_huy_hoang_kinh_o_To_quoc.txt,2359,858,"là, vua, của, và, được, cố_đô, đinh, với, các, hoa","vua, đinh, cố_đô, lư, là",0.0032511322327208924
Goi_y_cho_ban_Top_3_oi_che_Moc_Chau_hap_dan_nhat.txt,1701,602,"chè, đồi, mộc, châu, những, và, ảnh, bạn, pys, đến","chè, pys, mộc, đồi, trái_tim",0.001886892144950964
Goi_y_lich_trinh_kham_pha_Hon_Nua__Phu_Yen_tu_tuc_2N1.txt,1631,640,"hòn, phú, yên, bạn, nưa, các, và, có, với, trên","nưa, hòn, phú, yên, 000000",0.0026465739769300873
Hai_ngoi_chua_co_o_Bac_Ninh_uoc_UNESCO_vinh_danh_di_san_-_Bao_VnExpress.txt,2510,722,"và, chùa, được, là, vĩnh, nghiêm, trong, bổ, nhất, nhà","chùa, nghiêm, mộc_bản, bổ, và",0.0032589436349283714
Hang_En__Wikipedia_tieng_Viet.txt,633,419,"hang, én, sơn, trong, được, thẩm, là, và, năm, nậm","én, hang, thẩm, nậm, đoòng",0.0025985615709762733
Hang_Son_oong__Wikipedia_tieng_Viet.txt,2065,847,"năm, hang, tháng, đoòng, ngày, sơn, động, của, và, là","đoòng, hang, hang_sơn, cave, năm",0.0026726417415876198
Hoang_thanh_Thang_Long__Wikipedia_tieng_Viet.txt,9981,2064,"là, các, của, và, được, có, năm, ở, thành, điện","thăng, móng, là, điện, các",0.004237080869306046
Hoi_quan_Phuc_Kien_Hoi_An_-_Di_san_van_hoa_ep_nhat_nhi_o_thi_co.txt,1276,517,"hội, quán, an, phúc, kiến, và, bạn, của, với, đến","hội, kiến, phúc, quán, an",0.0019664928147551525
Hon_Kho_Quy_Nhon_iem_en_khong_the_bo_lo_khi_he_ve.txt,2664,842,"và, biển, hòn, khô, quy, bạn, được, nhơn, là, đến","nhơn, quy, hòn, khô, biển",0.003069546063200282
Hon_Mun_Cam_nang_vui_choi_voi_chi_phi_re_nhat.txt,2127,738,"nha, trang, hòn, bạn, mun, biển, những, để, đảo, và","mun, nha, trang, hòn, vnd",0.002521909303082514
Hon_Mun__Wikipedia_tieng_Viet.txt,900,449,"hòn, biển, mun, những, là, và, có, lặn, của, một","mun, hòn, biển, lặn, san_hô",0.002326227525011906
Hon_Nua_Phu_Yen_-_iem_du_lich_moi_noi_tai_Phu_Yen.txt,1263,566,"hòn, của, bạn, nưa, là, mình, trên, đảo, được, biển","nưa, hòn, traveloka, san_hô, đảo",0.002749423847795675
Hon_Tam__Wikipedia_tieng_Viet.txt,2098,700,"năm, ngày, tháng, hòn, 7, tằm, 2022, 30, truy_cập, đảo","tằm, hòn, 2022, tháng, năm",0.0019232045168258416
Ho_Ba_Be__Wikipedia_tieng_Viet.txt,2217,972,"hồ, ba, bể, đền, là, bà, sơn, và, được, chùa","bể, hồ, kdt, đền, ba",0.0037810987565678076
Ho_Dau_Tieng_-_ho_nuoc_nhan_tao_lon_nhat_Viet_Nam_-_Vntrip.vn.txt,1050,424,"hồ, khách_sạn, dầu, tiếng, du_lịch, ninh, tây, ảnh, các, vntrip","dầu, hồ, khách_sạn, vntrip, tiếng",0.0020461540072753996
Ho_Lak_-_iem_du_lich_sinh_thai_va_van_hoa_noi_tieng_cua_ac_Lac.txt,419,255,"và, của, hồ, những, môi_trường, lak, về, là, rừng, hổ","lak, và, lắc, hổ, môi_trường",0.0022600046524700328
Ho_Lak_vao_top_iem_cam_trai_sang_chanh_o_ong_Nam_A.txt,167,139,"wetrek, trekking, nhà, cắm, trại, nóc, vn, kinh_nghiệm, chư, mây","trekking, nóc, chư, cắm, vn",0.0017353298461615378
Ho_Lak__Wikipedia_tieng_Viet.txt,1239,626,"hồ, lắk, và, có, sơn, là, được, rừng, một, buôn","lắk, hồ, buôn, đắk, lăk",0.0033871702045575134
Ho_Nui_Coc__Wikipedia_tieng_Viet.txt,1881,760,"hồ, núi, và, năm, cốc, đập, du_lịch, có, thái, nguyên","cốc, núi_cốc, đập, hồ, núi",0.0030118093730485004
Ho_ong_Nai_3__Wikipedia_tieng_Viet.txt,1096,418,"tháng, năm, hồ, ngày, 2022, 11, là, đắk, của, truy_cập","2022, tà_đùng, đắk, truy_cập, 26",0.0020332165802005447
Ho_Tri_An__Wikipedia_tieng_Viet.txt,277,187,"hồ, có, trị_an, đồng, nai, được, với, năm, là, trên","trị_an, nai, hồ, sơ_khai, tỷ",0.002010647697828039
Ho_Tuyen_Lam_kham_pha_la_phoi_xanh_cua_a_Lat.txt,1932,686,"hồ, bạn, lâm, tuyền, đà, lạt, và, của, đến, đi","tuyền, lạt, lâm, đà, hồ",0.0027073356491127093
Ho_Tuyen_Lam_O_au_Kinh_Nghiem_i_Ho_Tuyen_Lam_O_a_Lat_-_Klook_Blog.txt,1394,455,"đà, lạt, lâm, hồ, tuyền, ở, đà_lạt, 2025, thành_phố, đồng","lạt, đà, tuyền, lâm, đà_lạt",0.0017122188670698002
Ho_Tuyen_Lam__Wikipedia_tieng_Viet.txt,1348,553,"hồ, sơn, lâm, đồng, lạt, thác, đà, là, khu, ninh","hồ, lâm, lạt, sơn, tuyền",0.0032418335560744716
Ho_Xa_Huong__Canh_sac_tuyet_ep_tren_nui_Tam_ao_-_iVIVU.com.txt,648,375,"hồ, ảnh, xạ_hương, núi, tam_đảo, rừng, đến, du_lịch, du_khách, những","xạ_hương, ivivu, tam_đảo, ảnh, hồ",0.002390330126935184
Ho_Xa_Huong__Wikipedia_tieng_Viet.txt,349,240,"hồ, nước, nhiều, được, và, là, của, núi, đá, không","xạ_hương, sơ_khai, hồ, tam_đảo, wikipedia",0.0025104582024040503
Ho_Xuan_Huong_(ho_nuoc)__Wikipedia_tieng_Viet.txt,980,528,"hồ, là, xuân, hương, đà, lạt, một, năm, thác, du_lịch","lạt, hồ, đà, xuân, hương",0.0030521491011940606
Ho_Yen_Thang__Wikipedia_tieng_Viet.txt,749,396,"hồ, yên, thắng, ninh, du_lịch, bình, chùa, và, đồng, năm","thắng, hồ, yên, ninh, golf",0.002672551123249831
Huong_dan_uong_i_khu_du_lich_Buu_Long_ong_Nai_-_iVIVU.com.txt,856,428,"long, đến, khu, từ, hồ, du_lịch, bửu, núi, người, ẩn","bửu, long, ivivu, ẩn, 000đ",0.0026006669131278717
Kham_pha_bai_a_co_Sapa_-_Net_ep_bi_an_thi_tran_mo_suong.txt,2106,693,"sapa, đá, và, đến, bãi, cổ, những, có, du_khách, là","sapa, đá, bãi, cổ, mường",0.002304255755797533
"Kham_pha_cho_Ben_Thanh,_bieu_tuong_lau_oi_cua_van_hoa_Sai_Gon.txt",2728,882,"chợ, bến, thành, và, là, của, 1, với, từ, đến","bến, chợ, thành, chè, quán",0.0029074674284990313
Kham_pha_Hon_Chong_Nha_Trang_Thang_canh_noi_tieng_ben_vinh.txt,1822,718,"hòn, chồng, bạn, một, nha, trang, là, đá, của, đến","chồng, hòn, nha, vợ, trang",0.0024619454362974783
Kham_pha_Ho_Lak_-_Nang_tho_cua_nui_rung_Tay_Nguyen_hoang_da.txt,1719,650,"bạn, hồ, và, đến, của, lắk, được, đây, vé, buôn","lắk, buôn, hồ, bạn, và",0.00326834906927354
Kham_pha_Khu_du_lich_Mui_Ca_Mau_tai_vung_cuc_Nam_To_quoc.txt,1628,609,"du_lịch, khu, mũi, cà, mau, cà_mau, và, bạn, tham_quan, là","mũi, cà_mau, mau, cà, khu",0.0026167651906730365
Kham_pha_Lang_gom_Bat_Trang_-_Hoi_tho_ngan_oi_cua_gom_su_Viet__Xanh_SM.txt,2029,717,"gốm, bát, tràng, làng, và, các, tại, của, là, bạn","gốm, bát, tràng, làng, xưởng",0.00193662657066241
Kham_pha_lang_noi_Chau_oc_An_Giang_oc_ao.txt,1462,602,"làng, nổi, những, bạn, tây, đây, được, đến, sông, cá","nổi, châu_đốc, đốc, làng, nuôi",0.0032147040839389197
Kham_pha_Mai_Chau_Hoa_Binh_co_gi_cung_MIA.vn.txt,1612,611,"mai, châu, hòa, bình, bạn, có, đây, với, tại, là","mai, châu, lác, 000000, hòa",0.0029454072623005235
Kham_pha_net_ep_dan_da_ma_nen_tho_cua_am_O_Loan_Phu_Yen_-_iVIVU.com.txt,555,314,"đầm, ô, loan, phú, yên, và, du_lịch, được, bạn, ivivu","loan, đầm, ivivu, phú, com",0.0022528645547794995
Kham_pha_Nha_tho_go_Kon_Tum_voi_tuoi_oi_hon_100_nam.txt,1584,662,"kon, tum, nhà_thờ, gỗ, bạn, của, có, được, này, vào","kon, tum, nhà_thờ, gỗ, 000000",0.0021950520574234816
Kham_pha_nui_Ba_Ra__Ngon_nui_cao_nhat_Binh_Phuoc.txt,707,398,"núi, bà, rá, là, ở, du_lịch, ngọn, và, được, đến","rá, bà, núi, làng_nghề, nhà_tù",0.002482261600219344
Kham_pha_oi_che_trai_tim_Moc_Chau_(Bat_mi_thoi_iem_chup_anh_ep_nhat)).txt,2465,714,"chè, đồi, và, mộc, châu, trái_tim, mùa, tháng, những, ảnh","chè, trái_tim, mộc, đồi, ồi",0.002044030964962069
Kham_pha_rung_tram_Tra_Su__An_Giang..txt,972,300,"trà, sư, là, rừng, tràm, và, những, các, loài, đến","sư, trà, tràm, rừng, loài",0.0018346036316083144
Kham_pha_thung_lung_Mai_Chau_ep_lang_man_tai_Mai_Chau_Lodge_Hoa_Binh_-_iVIVU.com.txt,746,392,"mai, châu, tại, hòa, phòng, và, bình, được, những, hồ","mai, lodge, ivivu, châu, phòng",0.002612465155629478
Kham_pha_Toa_Thanh_Tay_Ninh__Cong_trinh_quan_trong_cua_ao_Cao_ai.txt,2119,804,"là, tây, của, ninh, đài, tòa_thánh, đạo, cao, và, bên","tòa_thánh, đài, là, đạo, ninh",0.003088306780820306
Kham_pha_ve_ep_ao_xanh_Cu_Lao_Cham.txt,602,334,"và, chàm, cù_lao, của, các, là, những, đảo, với, được","chàm, cù_lao, đảo, yến, thống_kê",0.0026990636183804443
Kham_pha_ve_ep_hoang_so_cua_ao_Hon_Khoai_-_Ca_Mau.txt,1491,597,"hòn, đảo, khoai, tour, miền, tây, là, du_lịch, ngày, biển","khoai, hòn, đảo, tour, miền",0.0021359771547771367
Kham_pha_ve_ep_tiem_an_bai_a_co_Sapa.txt,1084,482,"khách_sạn, những, đá, sapa, của, bãi, bạn, có, vntrip, cổ","sapa, khách_sạn, vntrip, đá, những",0.002298499777790979
Khu_bao_ton_thien_nhien_at_ngap_nuoc_Van_Long__Wikipedia_tieng_Viet.txt,2176,796,"vân, long, khu, là, có, năm, và, bảo_tồn, loài, ninh","vân, long, bảo_tồn, loài, khu",0.0030183420837812235
Khu_di_tich_lich_su_va_danh_thang_Yen_Tu__Wikipedia_tieng_Viet.txt,1472,650,"chùa, sơn, đền, di_tích, hồ, kdt, đình, bình, và, an","kdt, đền, chùa, di_tích, yên_tử",0.003414666048200407
Khu_di_tich_Pac_Bo__Wikipedia_tieng_Viet.txt,1071,575,"đền, chùa, di_tích, kdt, đình, sơn, bó, hồ, năm, ngày","kdt, đền, bó, đình, chùa",0.0030715826935342676
Khu_du_lich_ai_Nam_Binh_Duong_-_Nhung_ki_luc_cuon_hut_du_khach.txt,1011,453,"khách_sạn, nam, khu, bình, dương, du_lịch, du_lịch_đại, của, ở, các","du_lịch_đại, khách_sạn, vntrip, st, dương",0.0022589686220222996
"Khu_du_lich_ai_Nam_co_gi_choi,_cung_Traveloka_review_nhe..txt",2298,809,"nam, khu, 000đ, là, có, du_lịch_đại, bạn, khách_sạn, và, trong","000đ, du_lịch_đại, khu, nam, trò_chơi",0.003059511115691823
"Khu_Du_Lich_Buu_Long,_Toa_o_Vui_Choi_Cuc_Hot_Gan_Sai_Gon_-_Klook_Blog.txt",1332,451,"long, hồ, du_lịch, bửu, chí, minh, khu, thành_phố, 000đ, 2025","bửu, 000đ, long, chí, minh",0.002254582765945947
Khu_Du_Lich_Buu_Long_Vinh_Ha_Long_Thu_Nho_Cua_Nam_Bo.txt,2323,787,"du_lịch, khu, long, bửu, được, có, đây, đến, bạn, nhiều","bửu, long, du_lịch, khu, 52hz",0.0026171173291455055
Khu_du_lich_Con_Phung_Bat_mi_kinh_nghiem_du_ngoan_tu_A-Z.txt,1560,593,"cồn, phụng, là, du_lịch, khu, tre, bến, được, dừa, đến","phụng, cồn, shutterstock, tre, dừa",0.0024740849728558914
Khu_du_lich_danh_lam_thang_canh_Thac_Ban_Gioc.txt,1156,284,"số, ngày, 1, địa_điểm, chi_phí, đ, 0, thác, của, những","số, địa_điểm, chi_phí, ngày, đổi_thay",0.0013029842413592807
Khu_du_lich_Ho_Lak_co_gi_ac_biet_ma_ai_en_cung_me_man__Xanh_SM.txt,2953,864,"và, hồ, lắk, của, là, những, đến, các, khu, được","lắk, hồ, và, của, là",0.003271795731184971
"Khu_du_lich_Lang_Xanh_Ben_Tre,_toa_o_thu_gian_dip_cuoi_tuan.txt",1396,590,"bến, tre, du_lịch, khu, làng, xanh, bạn, đến, là, được","tre, bến, làng, xanh, khu",0.002718722891901895
Khu_du_lich_Nui_Cam_An_Giang_ve_ep_linh_thieng_cua_nui_rung.txt,1944,703,"núi, cấm, đến, là, bạn, du_lịch, khu, an_giang, và, an","cấm, núi, an_giang, lâm_viên, 000000",0.0027068590092321
Khu_du_lich_sinh_thai_Lang_Xanh_Ben_Tre.txt,1778,460,"du_lịch, châu, bình, tour, ninh, tre, bến, an, khu, sơn","du_lịch, châu, tre, bình, tour",0.0028413607310543367
"Khu_du_lich_sinh_thai_ong_Thien_uong_-_Quang_Binh,_Viet_Nam.txt",78,35,"tham_quan, mở_cửa, trở_lại, 0232, 1km, trên, hệ_thống, cầu_thang, gỗ, khám_phá","mở_cửa, thiên_cung, chào_đón, thông_báo, cầu_thang",0.0009639120912128828
Khu_du_lich_Suoi_Mo_-_ia_iem_da_ngoai_thu_vi_cuoi_tuan_-_BestPrice.txt,1091,438,"du_lịch, bạn, suối, khu, là, những, sẽ, mơ, vé, được","mơ, suối, du_lịch, hướng_dương, bạn",0.0029409510643386826
Khu_du_lich_Suoi_Mo_ong_Nai__iem_en_ly_tuong_vao_dip_cuoi_tuan.txt,2963,734,"du_lịch, châu, suối, đồng, khu, bình, bạn, tour, mơ, và","du_lịch, mơ, suối, nai, châu",0.0033585948342439186
Khu_du_lich_Suoi_Tien_am_chat_huyen_thoai_ngay_ben_canh_Sai_Gon_-_iVIVU.com.txt,947,458,"và, du_lịch, sài_gòn, các, ảnh, suối, tiên, khu, là, hồ","sài_gòn, ivivu, và, tiên, suối",0.0028568269559100523
Khu_Du_Lich_Suoi_Tien_Cap_nhat_gia_ve_va_hoat_ong_moi_2025.txt,1800,742,"tiên, suối, được, văn_hóa, các, đến, du_lịch, tại, và, công_viên","tiên, suối, 000000, công_viên, văn_hóa",0.003508477143996455
Khu_du_lich_thac_amb'ri.txt,302,144,"đamb, ri, 2025, thứ, khu, 10, thác, 09, ưu_đãi, địa_phương","đamb, ri, thứ, 2025, glamping",0.001119592601154201
Khu_du_tru_sinh_quyen_rung_ngap_man_Can_Gio__Wikipedia_tieng_Viet.txt,2380,959,"khu, rừng, cần, hồ, và, giờ, loài, minh, là, thành_phố","ngập_mặn, sinh_quyển, rừng, sác, dự_trữ",0.0037260660241363263
Kinh_nghiem_du_lich_ban_ao_son_tra_a_Nang_chi_tiet_A_-_Z.txt,1789,582,"và, sơn_trà, là, biển, với, những, bãi, các, du_lịch, bán_đảo","sơn_trà, bán_đảo, hoabinh, và, biển",0.0025934553776789278
Kinh_nghiem_du_lich_bien_Cua_ai_Hoi_An_tu_A-Z_cho_chuyen_i_tron_niem_vui.txt,442,174,"cửa, biển, đại, an, du_lịch, tại, hội, mua, đến, xanh","cửa, đại, biển, đại_hội, an",0.001445174737950483
Kinh_nghiem_du_lich_cho_noi_Long_Xuyen_cho_chuyen_i_tron_ven.txt,1027,464,"chợ_nổi, long, xuyên, đến, những, để, bạn, là, của, và","chợ_nổi, xuyên, long, traveloka, đến",0.0020656387603791926
Kinh_Nghiem_Du_Lich_Cu_Lao_Cham_Noi_Tieng_O_Hoi_An_-_Klook_Blog.txt,1456,523,"cù_lao, chàm, an, hội, ở, 2025, các, vé, du_lịch, đi","chàm, cù_lao, hội, an, quảng_nam",0.001998130058672163
Kinh_nghiem_du_lich_khu_bao_ton_thien_nhien_Van_Long.txt,650,333,"long, vân, ninh, bình, khu, thiên_nhiên, bảo_tồn, du_lịch, bạn, đi","vân, ninh, long, bảo_tồn, bình",0.0024326025604028407
Kinh_nghiem_du_lich_Lang_Co_cuc_ky_huu_ich.txt,2279,819,"lăng, cô, là, vnd, huế, và, bạn, vịnh, du_lịch, từ","lăng, vnd, cô, huế, vịnh",0.002805188888376683
Kinh_nghiem_du_lich_nui_Ba_Ra_cho_cac_oi_chan_nghien_xe_dich.txt,1596,633,"núi, bà, rá, bạn, là, du_lịch, và, kinh_nghiệm, đi, đến","rá, bà, núi, 000000, kinh_nghiệm",0.0026307929006902683
Kinh_nghiem_du_lich_o_Son_Hai_Phong_chi_tiet_nhat_2025.txt,1906,692,"đồ, sơn, bạn, phòng, hải, du_lịch, có, đến, trong, với","đồ, sơn, hải, phòng, bạn",0.0029551418629923886
Kinh_nghiem_du_lich_suoi_nuoc_nong_Kim_Boi_Hoa_Binh_chi_tiet.txt,2489,690,"nóng, kim, bôi, nước, suối, đến, và, bạn, du_lịch, những","bôi, kim, nóng, suối, nước",0.0022803902300873747
Kinh_nghiem_du_lich_Thien_Cam_moi_nhat_-_kham_pha_an_troi.txt,1841,638,"bạn, biển, cầm, thiên, đến, là, du_lịch, những, và, có","cầm, thiên, biển, bạn, bãi",0.002888613432852735
Kinh_nghiem_du_lich_U_Minh_Ha_chi_tiet_cho_chuyen_i_nhan_tenh.txt,1731,624,"minh, u, hạ, rừng, bạn, là, được, du_lịch, đến, và","hạ, minh, lươn, rừng, ong",0.002628132972260663
Kinh_nghiem_du_lich_vinh_Ha_Long_chi_tiet_nhat_2025.txt,2849,869,"hạ_long, và, 000, bạn, du_lịch, vịnh, long, là, 1, vnd","hạ_long, vnd, vnđ, vịnh, 000",0.0027777968188398994
Kinh_nghiem_i_du_lich_doc_Viet_Nam_cua_khach_Tay.txt,1911,766,"du_khách, các, việt, và, du_lịch, đến, nam, đi, có, với","du_khách, tàu, các, thuê, tài_xế",0.003838400034757405
"Kinh_Nghiem_i_ia_ao_Cu_Chi,_Di_Tich_Noi_Tieng_O_Sai_Gon_-_Klook_Blog.txt",1243,412,"củ, địa_đạo, chi, hồ, chí, minh, thành_phố, ở, 2025, đi","địa_đạo, củ, chi, chí, minh",0.0016486939238254219
Kinh_nghiem_kham_pha_ho_a_Xanh_Vung_Tau_chi_tiet_nhat_2025.txt,1533,618,"đi, vé, hồ, máy_bay, đá, bạn, xanh, và, thành_phố, tìm","máy_bay, vé, đi, vũng_tàu, hồ",0.0028225488307581626
Kinh_nghiem_kham_pha_Lang_gom_Phu_Lang_Bac_Ninh.txt,1137,491,"gốm, làng, phù, lãng, bạn, đến, là, có, được, cho","gốm, lãng, phù, làng, traveloka",0.0016641840015397546
Kinh_nghiem_tham_quan_Ben_Nha_Rong_noi_in_dau_chan_Bac.txt,2609,813,"bến, nhà, rồng, của, và, tour, ngày, bạn, là, những","rồng, bến, nhà, tour, sài_gòn",0.0029361135108154053
Kinh_nghiem_tham_quan_chua_Huong_Ha_Noi_chi_tiet_nhat.txt,2414,743,"chùa, hương, và, là, hà_nội, đến, những, một, với, ở","hương, chùa, hà_nội, và, là",0.002753518548215306
"Kinh_nghiem_tham_quan_Dinh_oc_Lap,_bieu_tuong_cua_thong_nhat_va_hoa_binh.txt",1958,734,"dinh, độc_lập, là, và, của, đến, được, năm, khu, ảnh","dinh, độc_lập, norodom, 000000, kiến_trúc_sư",0.0025928522724385596
Kinh_nghiem_vui_choi_tai_khu_du_lich_suoi_khoang_Kim_Boi_tu_A_en_Z__Xanh_SM.txt,1862,656,"kim, bôi, và, khu, suối_khoáng, du_lịch, đến, với, những, có","bôi, suối_khoáng, kim, nước_khoáng, nóng",0.0024214573135840595
Lac_giua_goc_pho_i_bo_Bui_Vien_nhon_nhip_xuyen_man_em.txt,1670,681,"bùi, viện, phố, đi, bộ, đến, những, với, và, có","bùi, viện, phố, bar, 000000",0.002330588455161986
Lang_gom_Bat_Trang_ia_iem_du_lich_trong_ngay_gan_Ha_Noi_-_Vntrip.vn.txt,1531,590,"khách_sạn, bát, gốm, tràng, bạn, làng, du_lịch, hà_nội, là, vntrip","gốm, bát, tràng, khách_sạn, vntrip",0.0020100379003016497
Lang_gom_Bau_Truc_Ninh_Thuan_-_at_no_hoa_tu_ban_tay_nghe_nhan.txt,1501,528,"gốm, làng, bàu, trúc, được, những, ninh, thuận, là, đây","gốm, bàu, trúc, làng, sưu_tầm",0.001923631756260122
Lang_gom_Bau_Truc__Mot_trong_nhung_lang_gom_co_xua_nhat_ong_Nam_A_tai_Ninh_Thuan_-_iVIVU.com.txt,958,490,"gốm, làng, bàu, trúc, các, những, ninh, làm, trong, ở","gốm, bàu, trúc, ivivu, làng",0.0022855773842010204
Lang_gom_Phu_Lang_-_Ngoi_lang_co_mang_ve_ep_truyen_thong_tinh_Bac_Ninh.txt,1620,545,"gốm, và, phù, bạn, lãng, làng, của, những, để, bắc","gốm, lãng, phù, làng, sứ",0.0018916780444988024
Lang_gom_Phu_Lang__Lang_gom_noi_tieng_700_nam_xu_Kinh_Bac_-_iVIVU.com.txt,815,437,"gốm, phù, lãng, làng, ảnh, sản_phẩm, được, và, từ, trong","gốm, lãng, phù, ivivu, làng",0.0018911426957389438
Lang_Noi_Ca_Be_Chau_oc_-_Kinh_nghiem_du_lich_Lang_noi_Chau_oc.txt,1790,630,"tour, cá, miền, làng, tây, nổi, du_lịch, bè, ngày, châu_đốc","bè, châu_đốc, nổi, tour, cá",0.002598202064874656
Ly_Son__Wikipedia_tieng_Viet.txt,2361,927,"sơn, đảo, lý, năm, và, an, ngày, tháng, được, huyện","lý, đảo, sơn, quảng_ngãi, an",0.0032316265834393225
Mieu_Ba_Chua_Xu_Nui_Sam_-_iem_du_lich_tam_lich_noi_tieng_cua_An_Giang.txt,2134,802,"miếu, và, miền, tour, tây, ngày, bà_chúa, bà, xứ, du_lịch","miếu, bà_chúa, xứ, tour, sam",0.002822153807586794
"Mieu_Ba_Chua_Xu_Nui_Sam_Chau_oc,_iem_en_tam_linh_tru_danh_Nam_Bo.txt",1824,697,"miếu, đến, núi, bà_chúa, xứ, là, được, bà, sam, tượng","bà_chúa, miếu, sam, xứ, châu_đốc",0.002574136201596487
Moc_Chau_(thi_xa)__Wikipedia_tieng_Viet.txt,3646,1025,"châu, mộc, xã, sơn, năm, và, là, của, ngày, tháng","mộc, châu, chiềng, xã, thành_lập",0.002886474990130629
"Mui_Ca_Mau,_cuc_nam_cua_To_quoc_-_Bao_VnExpress_Du_lich.txt",1470,520,"là, mũi, và, cực, đất, của, nam, được, xem, cà","mũi, cực, mau, cà, cà_mau",0.0030773360139604257
Mui_Ne__Wikipedia_tieng_Viet.txt,1861,692,"mũi, sơn, né, hồ, lâm, đồng, nam, là, bắc, hải","né, mũi, hàm_thuận, lâm, sơn",0.0031805504536939464
Ngam_minh_tai_suoi_nuoc_nong_Tien_Lang_Hai_Phong.txt,1476,588,"nóng, tiên, lãng, đến, phòng, hải, du_lịch, suối, nước, và","lãng, nóng, tiên, suối_khoáng, hải",0.002438095040229788
Ngu_Hanh_Son_a_Nang_Kinh_nghiem_du_lich_chi_tiet_nam_2025.txt,3858,1168,"đà_nẵng, sơn, và, bạn, ngũ_hành, được, là, với, của, có","ngũ_hành, đà_nẵng, vnd, sơn, bạn",0.0032740422584928985
Ngu_Hanh_Son__Wikipedia_tieng_Viet.txt,3603,1253,"sơn, và, có, là, núi, ở, một, chùa, đền, phía","sơn, ngũ_hành, kdt, núi, có",0.004164419398060381
Nha_Cong_Tu_Bac_Lieu_-_iem_en_khong_the_bo_qua_khi_ve_Bac_Lieu.txt,1739,672,"liêu, bạc, tây, miền, tour, công_tử, du_lịch, nhà, của, những","công_tử, liêu, bạc, tour, tây",0.0023583501902146187
Nha_cong_tu_Bac_Lieu_-_Kien_truc_be_the_vuot_thoi_gian.txt,1755,680,"bạc, liêu, nhà, và, công_tử, của, là, với, được, hotel","công_tử, liêu, bạc, lieu, bac",0.0020548958415838184
Nha_tho_con_ga_a_Lat__iem_nhan_kien_truc_cua_xu_so_ngan_hoa.txt,1777,695,"nhà_thờ, đà, lạt, gà, con, là, ở, được, đến, của","nhà_thờ, lạt, đà, gà, chánh_tòa",0.0025282738105450956
Nha_tho_Con_Ga_a_Lat__Kham_pha_cong_trinh_kien_truc_ton_giao_oc_ao_-_MOTOGO.txt,2143,696,"nhà_thờ, và, của, gà, những, là, con, được, đà, lạt","nhà_thờ, gà, lạt, đà, và",0.0027575053611554956
Nha_tho_go_Kontum_hon_tram_tuoi_co_kinh_uy_nghiem.txt,777,415,"gỗ, nhà_thờ, tây, nguyên, được, là, kontum, của, ivivu, với","nhà_thờ, gỗ, ivivu, nguyên, tây",0.0026808258035142902
Nha_tho_uc_Ba__iem_du_lich_khong_the_bo_qua_khi_en_Sai_Gon.txt,1295,653,"nhà_thờ, đức, bà, là, và, được, của, có, tp, hcm","nhà_thờ, đức, bà, quận, nghé",0.002877567801326878
Nhung_iem_en_du_lich_hap_dan_o_ong_Van_noi_Cao_nguyen_a_ai_ngan_-_Tinh_Ha_Giang_-_TRIPMAP.txt,1606,808,"du_lịch, the, là, của, một, tripmap, of, và, đá, có","tripmap, the, of, hà_giang, du_lịch",0.002997620339454207
Nui_Ba_en__Wikipedia_tieng_Viet.txt,3443,1242,"núi, bà, năm, đen, tháng, ngày, tây, ninh, và, 1","núi, đen, bà, năm, tháng",0.003364626870729937
Nui_Cam_-_Khu_du_lich_Lam_Vien_Nui_Cam_An_Giang_-_Gia_ve_Cap_Treo.txt,2431,862,"núi, cấm, du_lịch, tour, là, tây, miền, và, an, ngày","cấm, núi, tour, vnđ, tây",0.002550913983110065
Nui_Chua_Chan__Wikipedia_tieng_Viet.txt,3234,994,"năm, tháng, ngày, núi, 2025, 10, 7, và, chứa_chan, truy_cập","chứa_chan, truy_cập, tháng, năm, núi",0.002456115159368303
Nui_Dinh_Vung_Tau_iem_en_sieu_ngau_cho_lan_au_trekking.txt,1982,817,"núi, dinh, bạn, là, của, những, có, đến, vũng_tàu, được","dinh, núi, vũng_tàu, mia, 000000",0.0033370866197952945
Nui_Dinh__Wikipedia_tieng_Viet.txt,1240,479,"núi, năm, ngày, tháng, 2023, dinh, là, 4, 10, bà","2023, núi, dinh, rịa, năm",0.002228823292016757
Nui_Ham_Rong_Sapa_-_Ngon_nui_hinh_au_rong_noi_tieng_cua_thanh_pho_mo_suong.txt,1719,713,"rồng, núi, hàm, bạn, sapa, vườn, hoa, tại, đá, được","hàm, rồng, sapa, núi, 000000",0.0027042961969573204
Nui_Langbiang__Wikipedia_tieng_Viet.txt,1647,682,"núi, và, của, có, là, biang, lạt, du_lịch, lang, đỉnh","biang, lang, langbiang, núi, lạt",0.0028988041949568645
Nui_Voi_Hai_Phong_-_iem_trekking_ngam_canh_danh_cho_hoi_yeu_kham_pha.txt,2766,904,"voi, núi, phòng, hải, và, là, các, của, những, từ","voi, núi, hải, phòng, và",0.0027328213919365963
oi_Cat_Mui_Ne_Thien_uong_cat_bay_tuyet_ep.txt,1761,666,"mũi, né, phan_thiết, vnd, khách_sạn, đồi, cát, bạn, du_lịch, và","né, mũi, phan_thiết, vnd, đồi",0.0019400408302173437
oi_che_Moc_Chau_-_iem_en_hap_dan_du_khach.txt,2332,745,"10, 2025, ngày, mộc, châu, chè, của, và, mới, du_lịch","chè, chào, mộc, 2025, châu",0.002961675761511678
oi_che_Moc_Chau_tua_tien_canh_trong_suong_som_-_Bao_VnExpress_Du_lich.txt,1557,530,"chè, châu, đồi, mộc, đến, những, là, xem, thêm, một","chè, mộc, đồi, châu, sương_mù",0.002614409418654746
ong_Phong_Nha__Wikipedia_tieng_Viet.txt,800,469,"và, động, nha, phong, hang, nhất, được, hang_động, có, các","thẩm, nha, động, phong, hang_động",0.0029229190501501917
ong_Thien_uong__Wikipedia_tieng_Viet.txt,825,480,"động, hang, thiên_đường, năm, và, nha, ngày, tháng, phong, trong","động, thiên_đường, hang, thẩm, 2010",0.002727562101084528
Pho_Co_Hoi_An_-_Thanh_pho_co_ep_hang_au_Chau_A_-_Vntrip.vn.txt,1947,745,"hội, an, khách_sạn, và, cổ, phố, nhà, của, những, trong","hội, an, khách_sạn, vntrip, phố",0.002664203396015006
Pho_co_Hoi_An__Wikipedia_tieng_Viet.txt,12053,2453,"hội, an, và, của, những, được, nhà, là, một, trong","tr, hội, an, và, nhà",0.004048999242487629
Pho_Hien_Hung_Yen__Di_san_vang_bong_mot_thoi_-_iVIVU.com.txt,796,413,"hiến, phố, của, là, ảnh, và, có, trong, người, yên","hiến, phố, ivivu, ảnh, tuổi_trẻ",0.0022220630340565742
Pho_i_bo_Bui_Vien__Kham_pha_pho_Tay_soi_ong_cua_em_Sai_thanh.txt,1877,681,"bùi, viện, phố, đi, với, là, những, tại, quán, có","bùi, viện, phố, khu_phố, quán",0.0027655770589778213
Phu_Quoc__Wikipedia_tieng_Viet.txt,7357,1497,"thuộc, năm, phú, quốc, dương, tỉnh, tháng, ngày, thành, khu_phố","khu_phố, đặc_khu, phú_quốc, quốc, phú",0.002782720199614627
Quan_ao_Cat_Ba__Wikipedia_tieng_Viet.txt,4410,1417,"cát, bà, các, và, có, là, của, đảo, được, biển","cát, bà, quần_đảo, các, vịnh",0.0037286631310412687
Quan_the_danh_thang_Trang_An_voi_ve_ep_hung_vi_an_tuong.txt,2503,856,"những, an, và, tràng, là, đến, với, bạn, động, có","tràng, thung, danh_thắng, an, động",0.003444487061617423
Quan_the_danh_thang_Trang_An__Wikipedia_tieng_Viet.txt,6737,1436,"và, an, tràng, các, là, của, động, di_sản, với, du_lịch","tràng, an, lư, di_sản, động",0.0031677642223144247
Quan_the_di_tich_Co_o_Hue__Wikipedia_tieng_Viet.txt,4746,1263,"là, huế, và, được, của, năm, vua, các, nguyễn, trong","huế, vua, là, miếu, lăng",0.0033827664234666235
"Quan_the_di_tich_va_danh_thang_Yen_Tu__Vinh_Nghiem__Con_Son,_Kiep_Bac__Wikipedia_tieng_Viet.txt",1487,480,"và, yên_tử, di_tích, là, quần_thể, di_sản, của, năm, thế_giới, tháng","yên_tử, kiếp, di_sản, nghiêm, quần_thể",0.0021224831487049703
Review_ai_Nam_Binh_Duong_-_iem_vui_choi_hot_nhat_dip_le.txt,2077,692,"và, dương, đại, đến, các, nam_bình, nam, là, có, du_khách","nam_bình, dương, đại, du_lịch_đại, và",0.0027724300265701937
Review_Bao_Tang_ieu_Khac_Cham_Kho_Tang_Nghe_Thuat_O_a_Nang_-_Klook_Blog.txt,1292,523,"đà_nẵng, bảo_tàng, chăm, điêu_khắc, 2025, đi, ở, có, 2, tham_quan","đà_nẵng, chăm, bảo_tàng, điêu_khắc, th10",0.002231842000544191
Review_Ganh_a_ia_Phu_Yen_va_nhung_trai_nghiem_thu_vi.txt,1575,615,"đá, gành, đĩa, những, phú, yên, và, bạn, là, để","gành, đĩa, đá, 000000, phú",0.0027658015480011063
Rung_tram_Tra_Su_-_he_sinh_thai_ngap_nuoc_vo_cung_phong_phu.txt,871,314,"rừng, tràm, du_lịch, của, một, đây, là, trà, sư, và","tràm, rừng, sư, trà, thực_vật",0.0020289785398507204
Ruong_bac_thang_Mu_Cang_Chai__buc_tranh_kiet_tac_cua_con_nguoi_va_thien_nhien.txt,719,381,"ruộng, những, một, mùa, của, và, bậc_thang, mù, cang, chải","ruộng, bậc_thang, mù, cang, thửa",0.0026453202013927155
Ruong_bac_thang_Mu_Cang_Chai__Wikipedia_tieng_Viet.txt,1947,871,"ruộng, chải, đền, mù, bậc_thang, cang, là, và, những, năm","ruộng, chải, mù, bậc_thang, cang",0.0032588664480117124
Ru_Nhau_Ve_ak_Nong_Tham_Quan_Thac_Dray_Sap.txt,1706,642,"thác, dray, sáp, đến, là, được, với, của, những, từ","dray, sáp, thác, đến, đắk",0.002257154024501057
Sam_Son__Wikipedia_tieng_Viet.txt,923,380,"sơn, năm, 2025, ngày, tháng, phường, sầm, tỉnh, thanh_hóa, của","sầm, hoằng, sơn, hđnd, thanh_hóa",0.0022030602886673905
Son_Tra__Wikipedia_tieng_Viet.txt,1470,627,"sơn_trà, và, năm, bán_đảo, tháng, là, 3, ngày, của, có","sơn_trà, bán_đảo, 2023, và, năm",0.002463103699847184
Suoi_nuoc_nong_Kim_Boi__Wikipedia_tieng_Viet.txt,299,207,"nước, với, suối, kim, bôi, ở, hòa, được, và, nóng","bôi, nước_khoáng, suối_khoáng, kim, sơ_khai",0.0021103694865559817
Tam_ao__Wikipedia_tieng_Viet.txt,1879,728,"núi, tam_đảo, hồ, sơn, và, là, ở, của, có, ba","tam_đảo, núi, sơn, hồ, và",0.003293881393256275
Tan_huong_nhung_trai_nghiem_oc_ao_o_cho_noi_Nga_Bay_Hau_Giang.txt,2066,763,"là, chợ_nổi, ngã, và, bảy, tây, miền, chợ, của, từ","chợ_nổi, bảy, ngã, chợ, ghe",0.0030861995868796343
Thac_amb'ri__Wikipedia_tieng_Viet.txt,1043,626,"thác, đa, đồng, đà, lạt, lâm, du_lịch, là, nam, m","thác, bri, đa, ia, lạt",0.0033858420388462986
Thac_Ban_Gioc_-_ve_ep_ky_vi_giua_non_nuoc_Cao_Bang.txt,1069,520,"là, thác, của, đến, trong, với, cao, làng, và, bản","giốc, thác, là, nghề, phia",0.0031696173109148724
Thac_Ban_Gioc__Wikipedia_tieng_Viet.txt,2225,879,"thác, bản, trung, quốc, của, giốc, là, và, ngày, chính","thác, giốc, bản, quốc, trung",0.0026625731747804073
Thac_Dai_Yem_iem_giai_nhiet_cho_mua_he_mat_lanh_tai_Moc_Chau.txt,524,295,"thác, của, mộc, châu, từ, du_khách, nước, được, khoảng, một","thác, dải_yếm, mộc, thống_kê, thủ_tục",0.002460575341731088
Thac_Dai_Yem_Moc_Chau__Dai_Lua_Trang_Giua_ai_Ngan_Tay_Bac_-_Ecotour.txt,1819,599,"tour, thác, và, châu, dải_yếm, mộc, đến, của, bắc, với","tour, dải_yếm, thác, mộc, mười",0.0020862541749125142
Thac_Lieng_Nung_tuyet_ep_thu_hut_tin_o_du_lich_o_Tay_Nguyen_-_iVIVU.com.txt,607,375,"thác, với, đến, nung, được, ảnh, ivivu, du_lịch, đây, liêng","thác, ivivu, liêng, nung, com",0.0027026859318603678
Thac_Mo_Binh_Phuoc_Kham_pha_ve_ep_hiem_co_kho_tim.txt,1301,538,"và, thác, mơ, phước, bạn, bình, những, đến, hồ, đi","mơ, thác, phước, và, 2023",0.002477340429966391
Thac_Pongour__Wikipedia_tieng_Viet.txt,1244,751,"thác, đồng, nam, lâm, là, đà, lạt, pongour, đa, việt","thác, pongour, lạt, ia, lâm",0.003697470823118187
Thac_Prenn__Wikipedia_tieng_Viet.txt,1472,810,"thác, prenn, đà, lạt, nam, đồng, và, một, nước, ở","thác, prenn, lạt, đà, ia",0.0035754173037673416
Thac_Tac_Tinh_-_Ban_tinh_ca_manh_liet_giua_nui_rung_Tay_Bac.txt,1519,584,"thác, tác, tình, những, và, của, đến, như, để, thiên_nhiên","tình, tác, thác, lai, những",0.0025445209590034715
Thac_ung__iem_en_Hap_Dan_O_Binh_Phuoc_Khong_The_Bo_Qua.txt,1763,472,"du_lịch, bình, châu, tour, ninh, sơn, vĩnh, an, giang, đồng","châu, bình, du_lịch, tour, ninh",0.0029169375674103805
Tham_quan_khu_di_tich_en_Hung-Phu_Tho_-_AllTours.txt,2699,837,"du_lịch, đền, hùng, có, là, núi, được, và, vua, li","du_lịch, hùng, đền, li, ch",0.0028013614608638987
Tham_quan_vuon_thu_Thao_Cam_Vien_Sai_Gon_-_Vntrip.vn.txt,1444,540,"thảo, khách_sạn, cầm_viên, và, sài_gòn, bạn, của, các, thú, 2","cầm_viên, thảo, khách_sạn, vntrip, sài_gòn",0.0017421057792758796
Thanh_co_Quang_Tri_-_iem_en_linh_thieng_luu_giu_ky_uc_hao_hung_qua_81_ngay_em_-_iVIVU.com.txt,842,466,"thành, được, là, cổ, quảng_trị, đến, ảnh, nơi, và, có","quảng_trị, thành, ivivu, cổ, ngày_đêm",0.00297181355161652
Thanh_ia_My_Son_-_Di_san_van_hoa_the_gioi_tai_Quang_Nam.txt,2411,776,"mỹ, sơn, vnd, thánh_địa, an, và, được, 10, là, các","vnd, thánh_địa, mỹ, sơn, an",0.002578636576706168
Thanh_ia_My_Son__Wikipedia_tieng_Viet.txt,3025,1113,"sơn, mỹ, các, và, tháp, đền, của, là, được, đã","sơn, tháp, đền, mỹ, kdt",0.0034929219955517374
Thanh_nha_Ho__Wikipedia_tieng_Viet.txt,5899,1582,"thành, hồ, và, nam, là, nhà, có, được, tây, năm","thành, hồ, đàn, nhà, đô",0.004117131777699501
Thao_Cam_Vien_Sai_Gon__Thien_uong_da_ngoai_giua_o_thi_phon_hoa.txt,1745,648,"và, giờ, từ, ở, có, cho, các, với, thú, xe","cầm_viên, thảo, thú, giờ, quận",0.0030817309904969817
Thap_Ba_Ponagar_Nha_Trang_Kinh_nghiem_tham_quan_tu_A-Z.txt,2209,810,"nha, trang, tháp, ponagar, bà, vnd, là, 1, 10, đến","ponagar, vnd, nha, tháp, trang",0.0022298008846405736
Thap_Nhan_Phu_Yen_voi_ve_ep_van_hoa_Champa_xua_cu__Antamtour.vn.txt,1829,676,"tháp, phú, nhạn, yên, là, đến, tour, công_trình, có, và","nhạn, tháp, phú, yên, chămpa",0.0020067654540912717
Thap_oi_Quy_Nhon_-_Quy_Nhon_Trip_-_iem_en_Quy_Nhon.txt,979,423,"tháp, của, quy, đôi, nhơn, và, là, được, trong, chăm","tháp, nhơn, quy, đôi, chăm",0.002191347712679423
"Thap_Po_Klong_Garai,_bieu_tuong_ac_sac_cua_van_hoa_Cham_Pa.txt",1658,682,"tháp, garai, po, klong, và, của, là, chăm, vào, đến","garai, klong, po, tháp, chăm",0.002330624016321277
Thap_Po_Klong_Garai__Wikipedia_tieng_Viet.txt,1596,781,"đền, tháp, garai, po, chùa, klong, vua, đình, kdt, và","garai, klong, po, kdt, đền",0.002981534107469246
Thung_Lung_Muong_Hoa_Tuyet_Tac_Thien_uong_Tai_Sapa.txt,1655,601,"hoa, thung_lũng, mường, của, là, và, những, đây, được, sapa","mường, thung_lũng, sapa, hoa, 52hz",0.0025521017460262605
Thung_Lung_Tinh_Yeu_iem_en_lang_man_va_ay_trai_nghiem.txt,1808,719,"và, tình_yêu, là, thung_lũng, những, đến, một, bạn, các, với","tình_yêu, thung_lũng, và, 000000, lạt",0.003174437669045616
"Thuong_lam_Ben_Nha_Rong,_vung_ky_uc_rang_ngoi_cua_lich_su_dan_toc.txt",1258,499,"bến, nhà, rồng, là, của, và, hồ, bạn, chí, minh","rồng, bến, nhà, 000000, bác",0.0025686332981846283
Top_6_Bai_Bien_Quy_Nhon_ep_Ngat_Ngay_Khong_The_Bo_Qua.txt,1945,656,"biển, những, nhơn, quy, và, bãi, là, với, bạn, đẹp","nhơn, biển, quy, bãi, những",0.0025198696630061423
Trai_nghiem_i_Cho_Noi_Long_Xuyen_-_An_Giang.txt,1200,489,"tour, chợ_nổi, miền, tây, du_lịch, ngày, long, xuyên, của, những","chợ_nổi, tour, miền, xuyên, tây",0.0023008170549269134
Trai_nghiem_i_Cho_Noi_Nga_Bay_-_iem_en_thu_vi_cua_Hau_Giang.txt,1219,526,"tour, miền, tây, chợ_nổi, du_lịch, ngày, ngã, bảy, một, của","chợ_nổi, bảy, tour, ngã, miền",0.00235717232666987
Trai_nghiem_i_Cho_Noi_Nga_Nam_-_iem_en_thu_vi_o_Soc_Trang.txt,1027,452,"miền, tour, tây, chợ_nổi, du_lịch, năm, ngày, ngã, từ, cần","chợ_nổi, tour, miền, tây, ngã",0.0020950438160346873
Trang_chu_-_Cong_thong_tin_Thanh_Pho_Ho_Chi_Minh.txt,1876,684,"hồ, chí, minh, tp, năm, 2025, thông_tin, ngày, ubnd, của","chí, minh, ubnd, tp, hồ",0.0025259815491726688
Trang_chu_-_VQG_Cat_Tien.txt,578,318,"cát, tiên, rừng, và, nam, vqg, trong, của, việt, quốc_gia","cát, tiên, vqg, 84, rừng",0.0024215324119314305
"Trekking_Hang_En,_hanh_trinh_kham_pha_thien_nhien_hoang_so.txt",2431,791,"hang, và, én, những, trong, là, đến, bạn, để, một","én, hang, và, trekking, những",0.0027227141947108206
Tron_bo_kinh_nghiem_du_lich_vuon_Quoc_gia_Phong_Nha_Ke_Bang.txt,18428,1916,"khám_phá, và, du_lịch, nhất, hà_nội, biển, 2025, top, của, gì","khám_phá, top, hà_nội, đặc_sản, gì",0.00422807047566469
uong_len_cong_troi_Sapa_-_Noi_thien_uong_trong_may_ai_ngan.txt,1000,471,"sapa, trời, những, cổng, nơi, vào, với, 000000, bạn, đèo","sapa, 000000, trời, cổng, ngày_tháng",0.0025133002355318852
Ve_An_Giang_ghe_tham_cho_noi_Long_Xuyen_mien_song_nuoc.txt,687,357,"miền, chợ_nổi, ghe, trên, là, được, 1900, long, để, nam","chợ_nổi, ghe, 1900, ivivu, bẹo",0.0023937133954892143
Vieng_tham_en_Tran_Nam_inh_-_cam_nhan_net_ep_Viet.txt,2111,757,"đền, trần, nam, và, định, là, các, có, của, được","đền, trần, định, ấn, nam",0.002704693248429786
Vinh_Ha_Long__Wikipedia_tieng_Viet.txt,13210,2567,"vịnh, và, năm, hạ_long, tháng, ngày, của, là, trong, có","vịnh, hạ_long, năm, và, đảo",0.003644209424564309
Vinh_Lan_Ha__Wikipedia_tieng_Viet.txt,365,221,"vịnh, lan, cát, hạ, có, được, bà, bãi, là, đảo","vịnh, lan, hạ, cát, địa_lý",0.0019581051913808265
"VUON_QUOC_GIA_BACH_MA,_vuon_quoc_gia_bach_ma.txt",294,192,"vườn, bạch, mã, quốc_gia, du_lịch, 2025, cho, và, dịch_vụ, tham_quan","thư_viện, thông_báo, mã, bạch, vườn",0.0018792845473603052
Vuon_quoc_gia_Bach_Ma__Wikipedia_tieng_Viet.txt,535,329,"vườn, bạch, mã, và, loài, quốc_gia, huế, được, ngày, với","mã, bạch, loài, huế, vườn",0.0027379654828497686
Vuon_quoc_gia_Ba_Be__Wikipedia_tieng_Viet.txt,1727,707,"vườn, quốc_gia, hồ, có, là, loài, ba, và, bể, khu","vườn, bể, quốc_gia, 2003, loài",0.002787668250063539
Vuon_Quoc_Gia_Ba_Vi_-_iem_du_lich_sieu_chat_gan_trung_tam_thu_o_-_Vntrip.vn.txt,2130,729,"ba, vì, khách_sạn, du_lịch, bạn, quốc_gia, vườn, 4, khu, là","vì, ba, khách_sạn, vntrip, 000đ",0.0028094859889342726
Vuon_quoc_gia_Ben_En__Wikipedia_tieng_Viet.txt,599,381,"thanh_hóa, quốc_gia, vườn, en, có, bình, bến, nam, ngày, tháng","en, thanh_hóa, quốc_gia, bến, vườn",0.002905941266463138
Vuon_quoc_gia_Cat_Tien__Wikipedia_tieng_Viet.txt,2321,942,"cát, tiên, sơn, đền, của, là, nam, hồ, và, bình","kdt, cát, đền, tiên, tê_giác",0.004003417197444655
Vuon_quoc_gia_Cuc_Phuong_Rung_nguyen_sinh_ep_nhat_Viet_Nam.txt,2083,578,"và, dự_án, môi_trường, ninh, bình, thứ, cúc, phương, huyện, 2025","cúc, dự_án, tài_nguyên, môi_trường, đất_đai",0.0026846646339231677
Vuon_quoc_gia_Cuc_Phuong__Wikipedia_tieng_Viet.txt,4725,1453,"và, cúc, phương, loài, có, là, các, của, trong, vườn","cúc, phương, loài, và, bảo_tồn",0.0035012333834153254
Vuon_Quoc_Gia_Nui_Chua_Khu_du_tru_sinh_quyen_moi_cua_the_gioi.txt,1562,608,"núi, chúa, vườn, quốc_gia, là, loài, có, với, được, và","chúa, núi, quốc_gia, vườn, loài",0.0028128107678473714
Vuon_quoc_gia_Nui_Chua__Wikipedia_tieng_Viet.txt,2588,796,"và, núi, có, các, là, ở, nam, chúa, phía, đông","chúa, núi, và, có, khô_hạn",0.003183942188795022
Vuon_quoc_gia_Phong_Nha__Ke_Bang__Wikipedia_tieng_Viet.txt,12532,2449,"và, nha, phong, năm, các, tháng, là, có, kẻ, động","nha, phong, bàng, kẻ, động",0.0033743686699419227
Vuon_quoc_gia_Tram_Chim__Wikipedia_tieng_Viet.txt,3181,1103,"chim, ha, loài, là, và, tràm, khoảng, những, trong, của","chim, tràm, repens, trầm_tích, ha",0.003144284062316843
"Vuon_quoc_gia_Xuan_Thuy,_khu_RAMSAR_oc_nhat_tai_Nam_inh.txt",1896,740,"vườn, quốc_gia, bạn, các, nam, và, xuân_thủy, của, đến, tại","xuân_thủy, vườn, quốc_gia, 000000, định",0.003270520688805088
Vuon_quoc_gia_Xuan_Thuy__Wikipedia_tieng_Viet.txt,1777,785,"loài, và, của, các, là, có, chim, vườn, trong, quốc_gia","xuân_thủy, loài, chim, mỏ, ngập",0.003305053989451426
"Vuon_quoc_gia_YokDon,_iem_en_voi_nhung_trai_nghiem_kho_quen.txt",1543,629,"vườn, yokdon, quốc_gia, bạn, có, được, và, của, đến, những","yokdon, vườn, quốc_gia, 000000, vnđ",0.0021518119147259256
Vuon_quoc_gia_Yok_on__Chon_bong_lai_giua_nui_rung_Tay_Nguyen__Xanh_SM.txt,2145,755,"yok, đôn, quốc_gia, vườn, là, và, đến, của, có, don","yok, đôn, don, quốc_gia, vườn",0.0022592329531415274
[A_-_Z]_Trai_nghiem_&_kinh_nghiem_du_lich_nui_Ba_en_Tay_Ninh.txt,7546,1603,"núi, tây, ninh, 000, bà, và, đen, của, những, về","núi, ninh, vnđ, bà, đen",0.003570452775720325
